"","text","favorited","favoriteCount","replyToSN","created","truncated","replyToSID","id","replyToUID","statusSource","screenName","retweetCount","isRetweet","retweeted","longitude","latitude"
"1","I just checked in at Fifth Third Bank with #mPLUSPlaces Download today!  https://t.co/NmHzMC1CmO",FALSE,0,NA,2017-06-29 11:43:41,FALSE,NA,"880391316206743553",NA,"<a href=""http://www.apple.com"" rel=""nofollow"">iOS</a>","larrymccullin",0,FALSE,FALSE,NA,NA
"2","@TransniggaYT @FifthThird No, they will tell you it's after street names fifth and third, but dont buy that story,… https://t.co/ueuhEuOkGF",FALSE,0,"TransniggaYT",2017-06-29 10:21:18,TRUE,"880184799310295041","880370586303819776","772193537781751808","<a href=""http://twitter.com/download/android"" rel=""nofollow"">Twitter for Android</a>","Shitibott1",0,FALSE,FALSE,NA,NA
"3","https://t.co/paCgZ3YLnT Direct Lending Underwriter I: Fifth Third Bank is one of the top… https://t.co/hXMsPxViqn",FALSE,0,NA,2017-06-29 06:21:40,FALSE,NA,"880310278524731392",NA,"<a href=""http://www.google.com/"" rel=""nofollow"">Google</a>","CLM_net",0,FALSE,FALSE,NA,NA
"4","https://t.co/paCgZ3YLnT Title Insurance Specialist III: Fifth Third Bank is one of the top… https://t.co/u0x9qC4dD5",FALSE,0,NA,2017-06-29 06:21:40,FALSE,NA,"880310277836869632",NA,"<a href=""http://www.google.com/"" rel=""nofollow"">Google</a>","CLM_net",0,FALSE,FALSE,NA,NA
"5","https://t.co/paCgZ3YLnT Retail Personal Banker I: Fifth Third Bank is one of the top… https://t.co/bs4OWZ3DmK",FALSE,0,NA,2017-06-29 05:44:30,FALSE,NA,"880300925541330945",NA,"<a href=""http://www.google.com/"" rel=""nofollow"">Google</a>","CLM_net",0,FALSE,FALSE,NA,NA
"6","https://t.co/paCgZ3YLnT Direct Lending Underwriter I: Fifth Third Bank is one of the top… https://t.co/73ggbYVOuS",FALSE,0,NA,2017-06-29 05:44:30,FALSE,NA,"880300924828356608",NA,"<a href=""http://www.google.com/"" rel=""nofollow"">Google</a>","CLM_net",0,FALSE,FALSE,NA,NA
"7","https://t.co/paCgZ3YLnT Financial Center Manager Associate: Fifth Third Bank is one of the top… https://t.co/4zws0dZawX",FALSE,0,NA,2017-06-29 05:44:30,FALSE,NA,"880300924060803072",NA,"<a href=""http://www.google.com/"" rel=""nofollow"">Google</a>","CLM_net",0,FALSE,FALSE,NA,NA
"8","https://t.co/paCgZ3YLnT Title Insurance Specialist III: Fifth Third Bank is one of the top… https://t.co/EPWcNrl29g",FALSE,0,NA,2017-06-29 05:44:29,FALSE,NA,"880300923381272576",NA,"<a href=""http://www.google.com/"" rel=""nofollow"">Google</a>","CLM_net",0,FALSE,FALSE,NA,NA
"9","https://t.co/paCgZ3YLnT Credit Risk Analyst II - Consumer: Fifth Third Bank is one of the top… https://t.co/krkF5h9uFp",FALSE,0,NA,2017-06-29 05:44:29,FALSE,NA,"880300922454376449",NA,"<a href=""http://www.google.com/"" rel=""nofollow"">Google</a>","CLM_net",0,FALSE,FALSE,NA,NA
"10","https://t.co/paCgZ3YLnT College Co-Op: Fifth Third Bank is one of the top-performing banks in… https://t.co/cmfA1wqgHI",FALSE,0,NA,2017-06-29 05:38:13,FALSE,NA,"880299343236009984",NA,"<a href=""http://www.google.com/"" rel=""nofollow"">Google</a>","CLM_net",0,FALSE,FALSE,NA,NA
"11","https://t.co/paCgZ3YLnT Learning Facilitator: Fifth Third Bank is one of the top-performing… https://t.co/pfRYPJvnwl",FALSE,0,NA,2017-06-29 05:38:10,FALSE,NA,"880299330703327232",NA,"<a href=""http://www.google.com/"" rel=""nofollow"">Google</a>","CLM_net",0,FALSE,FALSE,NA,NA
"12","https://t.co/paCgZ3YLnT Retail Personal Banker I: Fifth Third Bank is one of the top… https://t.co/RcSiRSEV9N",FALSE,0,NA,2017-06-29 05:38:09,FALSE,NA,"880299328690151424",NA,"<a href=""http://www.google.com/"" rel=""nofollow"">Google</a>","CLM_net",0,FALSE,FALSE,NA,NA
"13","https://t.co/paCgZ3YLnT Direct Lending Underwriter I: Fifth Third Bank is one of the top… https://t.co/CT9RCNZd9G",FALSE,0,NA,2017-06-29 05:38:09,FALSE,NA,"880299327989714944",NA,"<a href=""http://www.google.com/"" rel=""nofollow"">Google</a>","CLM_net",0,FALSE,FALSE,NA,NA
"14","https://t.co/paCgZ3YLnT Financial Center Manager Associate: Fifth Third Bank is one of the top… https://t.co/GdN84101hA",FALSE,0,NA,2017-06-29 05:38:09,FALSE,NA,"880299327184408577",NA,"<a href=""http://www.google.com/"" rel=""nofollow"">Google</a>","CLM_net",0,FALSE,FALSE,NA,NA
"15","https://t.co/paCgZ3YLnT Lead IT Risk Advisor: Fifth Third Bank is one of the top-performing… https://t.co/v0v1RDzhMu",FALSE,0,NA,2017-06-29 05:38:09,FALSE,NA,"880299326194544640",NA,"<a href=""http://www.google.com/"" rel=""nofollow"">Google</a>","CLM_net",0,FALSE,FALSE,NA,NA
"16","https://t.co/paCgZ3YLnT Title Insurance Specialist III: Fifth Third Bank is one of the top… https://t.co/zZ4UbudzyJ",FALSE,0,NA,2017-06-29 05:38:08,FALSE,NA,"880299325330468864",NA,"<a href=""http://www.google.com/"" rel=""nofollow"">Google</a>","CLM_net",0,FALSE,FALSE,NA,NA
"17","https://t.co/paCgZ3YLnT Credit Risk Analyst II - Consumer: Fifth Third Bank is one of the top… https://t.co/VF6vWeWojU",FALSE,0,NA,2017-06-29 05:38:08,FALSE,NA,"880299324550393856",NA,"<a href=""http://www.google.com/"" rel=""nofollow"">Google</a>","CLM_net",0,FALSE,FALSE,NA,NA
"18","Welcome back to #GrandRapids, @Tromboneshorty &amp; Orleans Avenue! Have at great show tomorrow night at @MeijerGardens! https://t.co/Q9EKOdHgiE",FALSE,2,NA,2017-06-29 01:00:02,FALSE,NA,"880229337127104512",NA,"<a href=""http://sproutsocial.com"" rel=""nofollow"">Sprout Social</a>","ExperienceGR",0,FALSE,FALSE,NA,NA
"19","I just checked in at Fifth Third Bank with #mPLUSPlaces Download today!  https://t.co/KiQC4egM4e",FALSE,0,NA,2017-06-28 23:12:56,FALSE,NA,"880202383934074880",NA,"<a href=""http://www.apple.com"" rel=""nofollow"">iOS</a>","chinaviet78",0,FALSE,FALSE,NA,NA
"20","I just checked in at Fifth Third Bank with #mPLUSPlaces Download today!  https://t.co/KiQC4eymVM",FALSE,0,NA,2017-06-28 23:12:56,FALSE,NA,"880202383803809792",NA,"<a href=""http://www.apple.com"" rel=""nofollow"">iOS</a>","chinaviet78",0,FALSE,FALSE,NA,NA
"21","I just checked in at Fifth Third Bank with #mPLUSPlaces Download today!  https://t.co/KMRUUojvBi",FALSE,0,NA,2017-06-28 22:35:00,FALSE,NA,"880192839619162112",NA,"<a href=""http://www.apple.com"" rel=""nofollow"">iOS</a>","RebaCarolyn",0,FALSE,FALSE,NA,NA
"22","Fifth Third Bank is coming back to New Covenant Bibleway Church tonight from 7pm - 8pm to offer more strategic... https://t.co/85574Ji0N3",FALSE,0,NA,2017-06-28 22:09:22,FALSE,NA,"880186385902297088",NA,"<a href=""http://www.facebook.com/twitter"" rel=""nofollow"">Facebook</a>","DeVondia",0,FALSE,FALSE,NA,NA
"23","I just checked in at Fifth Third Bank with #mPLUSPlaces Download today!  https://t.co/3PH67Ud3cg",FALSE,0,NA,2017-06-28 22:05:46,FALSE,NA,"880185481484488704",NA,"<a href=""http://www.apple.com"" rel=""nofollow"">iOS</a>","MXDmediadesigns",0,FALSE,FALSE,NA,NA
"24","chase bank is the biggest finesser ever g like i'm canceling my account ASAP&amp; switching to fifth third <U+270C><ed><U+00A0><U+00BC><ed><U+00BF><U+00BE>",FALSE,0,NA,2017-06-28 21:11:13,FALSE,NA,"880171753045192705",NA,"<a href=""http://twitter.com/download/iphone"" rel=""nofollow"">Twitter for iPhone</a>","tnasty_x3",0,FALSE,FALSE,NA,NA
"25","Bus Fare (@ Fifth Third Bank in Detroit, MI w/ @kookinmama) https://t.co/zG50j7vx2d",FALSE,0,NA,2017-06-28 19:54:14,FALSE,NA,"880152378103787521",NA,"<a href=""http://foursquare.com"" rel=""nofollow"">Foursquare</a>","Djhaireb",0,FALSE,FALSE,"-83.1397475","42.44617063"
"26","Bank of America Corp DE Sells 55,548 Shares of Fifth Third Bancorp $FITB https://t.co/gtsVx8lRhP",FALSE,0,NA,2017-06-28 17:41:16,FALSE,NA,"880118919125770247",NA,"<a href=""https://ifttt.com"" rel=""nofollow"">IFTTT</a>","dakotafinancial",0,FALSE,FALSE,NA,NA
"27","I just checked in at Fifth Third Bank with #mPLUSPlaces Download today!  https://t.co/EUfbD3bHWx",FALSE,0,NA,2017-06-28 17:09:46,FALSE,NA,"880110989399785472",NA,"<a href=""http://www.apple.com"" rel=""nofollow"">iOS</a>","Jrumpler",0,FALSE,FALSE,NA,NA
"28","Fifth Third Bank? I don't think you understand how to number things, which is something I generally look for in a bank.",FALSE,0,NA,2017-06-28 16:43:41,FALSE,NA,"880104424714186752",NA,"<a href=""http://twitter.com"" rel=""nofollow"">Twitter Web Client</a>","jlrinehart82",0,FALSE,FALSE,NA,NA
"29","@FifthThird @Zelle have not used Fifth Third Bank in 17 years do you still  over charge  fees?",FALSE,0,"FifthThird",2017-06-28 16:39:37,FALSE,"878236208492552192","880103401589276674","231213589","<a href=""http://twitter.com"" rel=""nofollow"">Twitter Web Client</a>","AlChips40404",0,FALSE,FALSE,NA,NA
"30","I just checked in at Fifth Third Bank with #mPLUSPlaces Download today!  https://t.co/V2FFohPMIi",FALSE,0,NA,2017-06-28 16:29:40,FALSE,NA,"880100898684456960",NA,"<a href=""http://www.apple.com"" rel=""nofollow"">iOS</a>","LifeThrills",0,FALSE,FALSE,NA,NA
"31","Got To Spend Money To Make Money <ed><U+00A0><U+00BD><ed><U+00B8><U+008A> — feeling optimistic at Fifth Third Bank https://t.co/BujH5obrY3",FALSE,0,NA,2017-06-28 15:16:15,FALSE,NA,"880082422817312773",NA,"<a href=""http://www.facebook.com/twitter"" rel=""nofollow"">Facebook</a>","TabRobinson",0,FALSE,FALSE,NA,NA
"32","Active fifth third bank of America and citi bank HIT ME ASAP NO 5TH 3RD EXPRESS CARDS",FALSE,0,NA,2017-06-28 14:40:25,FALSE,NA,"880073406883835905",NA,"<a href=""http://twitter.com/download/android"" rel=""nofollow"">Twitter for Android</a>","0nly1M",0,FALSE,FALSE,NA,NA
"33","I just checked in at Fifth Third Bank with #mPLUSPlaces Download today!  https://t.co/mRiaWwuqUO",FALSE,0,NA,2017-06-28 14:37:48,FALSE,NA,"880072747015036928",NA,"<a href=""http://www.apple.com"" rel=""nofollow"">iOS</a>","jtrosell1222",0,FALSE,FALSE,NA,NA
"34","Bank of America Corp DE Sells 55,548 Shares of Fifth Third Bancorp $FITB https://t.co/nkgkpFhC2M",FALSE,0,NA,2017-06-28 13:49:54,FALSE,NA,"880060691171954688",NA,"<a href=""https://ifttt.com"" rel=""nofollow"">IFTTT</a>","midetimes",0,FALSE,FALSE,NA,NA
"35","Mail Clerk - Fifth Third Bank - Cleveland, OH https://t.co/dwl8SK3n6R",FALSE,0,NA,2017-06-28 13:47:18,FALSE,NA,"880060037997187072",NA,"<a href=""https://ifttt.com"" rel=""nofollow"">IFTTT</a>","supra1Bqteam",0,FALSE,FALSE,NA,NA
"36","Mike Duffy joined Fifth Third Bank (@FifthThird) as Relationship Manager, Pittsburgh, Pennsylvania https://t.co/bQebZzSOOP",FALSE,0,NA,2017-06-28 13:27:30,FALSE,NA,"880055054845198337",NA,"<a href=""http://www.owler.com"" rel=""nofollow"">OwlerInc</a>","OwlerAlerts",0,FALSE,FALSE,NA,NA
"37","Robin Harmon joined Fifth Third Bank (@FifthThird) as Relationship Manager https://t.co/bQebZzSOOP",FALSE,0,NA,2017-06-28 13:27:07,FALSE,NA,"880054959227625473",NA,"<a href=""http://www.owler.com"" rel=""nofollow"">OwlerInc</a>","OwlerAlerts",0,FALSE,FALSE,NA,NA
"38","I just checked in at Fifth Third Bank with #mPLUSPlaces Download today!  https://t.co/NmHzMC1CmO",FALSE,0,NA,2017-06-28 12:14:56,FALSE,NA,"880036794498248704",NA,"<a href=""http://www.apple.com"" rel=""nofollow"">iOS</a>","larrymccullin",0,FALSE,FALSE,NA,NA
"39","https://t.co/paCgZ3YLnT Retail Personal Banker Associate I: Fifth Third Bank is one of the top… https://t.co/3jcE4QFkoH",FALSE,0,NA,2017-06-28 07:53:11,FALSE,NA,"879970920458309632",NA,"<a href=""http://www.google.com/"" rel=""nofollow"">Google</a>","CLM_net",0,FALSE,FALSE,NA,NA
"40","https://t.co/paCgZ3YLnT Disputes Team Supervisor.: Fifth Third Bank is one of the top… https://t.co/PCsIZfHnNq",FALSE,0,NA,2017-06-28 07:53:09,FALSE,NA,"879970913231548416",NA,"<a href=""http://www.google.com/"" rel=""nofollow"">Google</a>","CLM_net",0,FALSE,FALSE,NA,NA
"41","https://t.co/paCgZ3YLnT IT Business Analyst - Mortgage: Fifth Third Bank is one of the top… https://t.co/9eVTEnAmxd",FALSE,0,NA,2017-06-28 07:53:09,FALSE,NA,"879970912543571969",NA,"<a href=""http://www.google.com/"" rel=""nofollow"">Google</a>","CLM_net",0,FALSE,FALSE,NA,NA
"42","https://t.co/paCgZ4gmfr Retail Personal Banker Associate II Cleveland: Fifth Third Bank is one… https://t.co/Seds429GQ3",FALSE,0,NA,2017-06-28 07:53:09,FALSE,NA,"879970911633395712",NA,"<a href=""http://www.google.com/"" rel=""nofollow"">Google</a>","CLM_net",0,FALSE,FALSE,NA,NA
"43","https://t.co/paCgZ3YLnT Retail Personal Banker I: Fifth Third Bank is one of the top… https://t.co/P6X63HHNRH",FALSE,0,NA,2017-06-28 07:53:08,FALSE,NA,"879970910597521408",NA,"<a href=""http://www.google.com/"" rel=""nofollow"">Google</a>","CLM_net",0,FALSE,FALSE,NA,NA
"44","https://t.co/paCgZ3YLnT Applications Developer - Java: Fifth Third Bank is one of the top… https://t.co/wYr8ACoIQy",FALSE,0,NA,2017-06-28 07:53:08,FALSE,NA,"879970909762850816",NA,"<a href=""http://www.google.com/"" rel=""nofollow"">Google</a>","CLM_net",0,FALSE,FALSE,NA,NA
"45","https://t.co/paCgZ3YLnT IT Business Analyst - Mortgage: Fifth Third Bank is one of the top… https://t.co/bwW645BTxt",FALSE,0,NA,2017-06-28 06:43:05,FALSE,NA,"879953282348744706",NA,"<a href=""http://www.google.com/"" rel=""nofollow"">Google</a>","CLM_net",0,FALSE,FALSE,NA,NA
"46","i.m switching my bank back to Chase Fifth Third play too much for me .",FALSE,0,NA,2017-06-28 03:14:36,FALSE,NA,"879900815326158848",NA,"<a href=""http://twitter.com/download/iphone"" rel=""nofollow"">Twitter for iPhone</a>","1Kbooo",0,FALSE,FALSE,NA,NA
"47","How is Fifth Third adjusting its strategy in response to rapid technological change? https://t.co/WFwOi578IY",FALSE,0,NA,2017-06-28 01:00:41,FALSE,NA,"879867113804111872",NA,"<a href=""http://www.hootsuite.com"" rel=""nofollow"">Hootsuite</a>","BankDirector",0,FALSE,FALSE,NA,NA
"48","@FifthThird cont. understanding &amp; anticipated co-operation. Best Regards,  Mr. Rodolfo Palacios Head, Business Banking Dept.Fifth Third Bank",FALSE,0,"FifthThird",2017-06-27 23:55:51,FALSE,NA,"879850795528847360","231213589","<a href=""http://twitter.com"" rel=""nofollow"">Twitter Web Client</a>","rudyvuckov",0,FALSE,FALSE,NA,NA
"49","I just checked in at Fifth Third Bank with #mPLUSPlaces Download today!  https://t.co/Vg7T8lQ1Ml",FALSE,0,NA,2017-06-27 22:54:42,FALSE,NA,"879835408774959110",NA,"<a href=""http://www.apple.com"" rel=""nofollow"">iOS</a>","otfld25",0,FALSE,FALSE,NA,NA
"50","Mail Clerk - Fifth Third Bank - Cleveland, OH https://t.co/RjsMSRu7wj",FALSE,0,NA,2017-06-27 22:02:31,FALSE,NA,"879822274043535362",NA,"<a href=""https://ifttt.com"" rel=""nofollow"">IFTTT</a>","supra1Bqteam",0,FALSE,FALSE,NA,NA
"51","4 Millions $ LED project https://t.co/AdGKHgalK6",FALSE,0,NA,2017-06-27 21:00:57,FALSE,NA,"879806780502659072",NA,"<a href=""http://www.hootsuite.com"" rel=""nofollow"">Hootsuite</a>","DanRSlade",0,FALSE,FALSE,NA,NA
"52","I just checked in at Fifth Third Bank with #mPLUSPlaces Download today!  https://t.co/Zk97lz0E9H",FALSE,0,NA,2017-06-27 20:44:02,FALSE,NA,"879802523833520129",NA,"<a href=""http://www.apple.com"" rel=""nofollow"">iOS</a>","JeffreyDCarman",0,FALSE,FALSE,NA,NA
"53","I just checked in at Fifth Third Bank with #mPLUSPlaces Download today!  https://t.co/pG1d9ECNSg",FALSE,0,NA,2017-06-27 20:23:03,FALSE,NA,"879797246035988480",NA,"<a href=""http://www.apple.com"" rel=""nofollow"">iOS</a>","sasstrek",0,FALSE,FALSE,NA,NA
"54","The address of this Fifth Third Bank [via https://t.co/y9qAmIHXYZ] https://t.co/pVJFkze7I0",FALSE,0,NA,2017-06-27 20:13:54,FALSE,NA,"879794941190434816",NA,"<a href=""http://www.b2blistings.org/"" rel=""nofollow"">b2blistings2</a>","b2byookay",0,FALSE,FALSE,NA,NA
"55","I'm at Fifth Third Bank &amp; ATM in Cincinnati, OH https://t.co/klmIai1EYG",FALSE,0,NA,2017-06-27 19:02:50,FALSE,NA,"879777056246071297",NA,"<a href=""http://foursquare.com"" rel=""nofollow"">Foursquare</a>","bmisch2002",0,FALSE,FALSE,"-84.2723304","39.10013546"
"56","I just checked in at Fifth Third Bank with #mPLUSPlaces Download today!  https://t.co/3PH67UuE3O",FALSE,0,NA,2017-06-27 18:43:07,FALSE,NA,"879772096095592449",NA,"<a href=""http://www.apple.com"" rel=""nofollow"">iOS</a>","MXDmediadesigns",0,FALSE,FALSE,NA,NA
"57","I just checked in at Fifth Third Bank with #mPLUSPlaces Download today!  https://t.co/fXZYsspsJo",FALSE,0,NA,2017-06-27 16:12:56,FALSE,NA,"879734298584240128",NA,"<a href=""http://www.apple.com"" rel=""nofollow"">iOS</a>","Frank_Roop_III",0,FALSE,FALSE,NA,NA
"58","I just checked in at Fifth Third Bank with #mPLUSPlaces Download today!  https://t.co/63lHwWGjiN",FALSE,0,NA,2017-06-27 16:07:22,FALSE,NA,"879732900119400449",NA,"<a href=""http://www.apple.com"" rel=""nofollow"">iOS</a>","spittler2014",0,FALSE,FALSE,NA,NA
"59","I just checked in at Fifth Third Bank with #mPLUSPlaces Download today!  https://t.co/Gm3pxJvAJC",FALSE,0,NA,2017-06-27 15:33:09,FALSE,NA,"879724289586606080",NA,"<a href=""http://www.apple.com"" rel=""nofollow"">iOS</a>","luckytrition",0,FALSE,FALSE,NA,NA
"60","Fifth Third Bank Boosts Commercial Equipment Financing Support Across the Country https://t.co/KTokmF4Si2",FALSE,0,NA,2017-06-27 15:17:59,FALSE,NA,"879720469850714112",NA,"<a href=""https://ifttt.com"" rel=""nofollow"">IFTTT</a>","pddlive",0,FALSE,FALSE,NA,NA
"61","I'm at Fifth Third Bank &amp; ATM in Seffner, FL https://t.co/uJgphwAJm2",FALSE,0,NA,2017-06-27 14:56:08,FALSE,NA,"879714970824577024",NA,"<a href=""http://foursquare.com"" rel=""nofollow"">Foursquare</a>","mastercleaner",0,FALSE,FALSE,"-82.30179642","27.98213035"
"62","Fifth Third Bank Boosts Commercial Equipment Financing Support Across the Country https://t.co/tlzrVjWkig https://t.co/pzRhQI2Cef",FALSE,0,NA,2017-06-27 14:29:20,FALSE,NA,"879708229583855618",NA,"<a href=""https://dlvrit.com/"" rel=""nofollow"">dlvr.it</a>","BW_Manufacturin",0,FALSE,FALSE,NA,NA
"63","ServisFirst Bank upgrades local leader’s title https://t.co/uKQT3hEqPH Former Fifth Third exec has led lender’s loc… https://t.co/x93ZZnmWGF",FALSE,0,NA,2017-06-27 14:27:55,TRUE,NA,"879707872149557248",NA,"<a href=""https://about.twitter.com/products/tweetdeck"" rel=""nofollow"">TweetDeck</a>","gdelombaerde75",0,FALSE,FALSE,NA,NA
"64","RT @IE_Shivanee: Join Spigit, Kimberly-Clark &amp; Fifth Third Bank on June 28th for ""2017 Business Innovation Report"" https://t.co/1gQn5mW1fF",FALSE,0,NA,2017-06-27 14:21:03,FALSE,NA,"879706141793505280",NA,"<a href=""http://twitter.com"" rel=""nofollow"">Twitter Web Client</a>","IE_Georgie",1,TRUE,FALSE,NA,NA
"65","Fifth Third Bank Boosts Commercial Equipment Financing Support Across the Country https://t.co/ldK0A7ZZwl https://t.co/WbW4r6xjXL",FALSE,0,NA,2017-06-27 14:14:35,FALSE,NA,"879704517452771329",NA,"<a href=""https://dlvrit.com/"" rel=""nofollow"">dlvr.it</a>","BW_Business",0,FALSE,FALSE,NA,NA
"66","Fifth Third Bank Boosts Commercial Equipment Financing Support Across the Country https://t.co/H7cayMWW9A https://t.co/PUJgqNEtY5",FALSE,0,NA,2017-06-27 14:14:13,FALSE,NA,"879704422640623621",NA,"<a href=""https://dlvrit.com/"" rel=""nofollow"">dlvr.it</a>","BW_Personnel",0,FALSE,FALSE,NA,NA
"67","Fifth Third Bank Boosts Commercial Equipment Financing Support Across the Country https://t.co/dZqOyqAIuT",FALSE,0,NA,2017-06-27 14:10:28,FALSE,NA,"879703479249494017",NA,"<a href=""http://marketcheetah.com"" rel=""nofollow"">marketcheetah</a>","marketcheetah",0,FALSE,FALSE,NA,NA
"68","$FITB:

Fifth Third Bank Boosts Commercial Equipment Financing Support …:

https://t.co/JJwiGqFVnl",FALSE,0,NA,2017-06-27 14:08:04,FALSE,NA,"879702876943114241",NA,"<a href=""http://www.stocknewswires.com"" rel=""nofollow"">StockNewsWires</a>","ProTradersNews",0,FALSE,FALSE,NA,NA
"69","Fifth Third Bank Boosts Commercial Equipment Financing Support Across the Country https://t.co/9YYDGmzVT9",FALSE,0,NA,2017-06-27 14:07:08,FALSE,NA,"879702642246770691",NA,"<a href=""http://www.hootsuite.com"" rel=""nofollow"">Hootsuite</a>","NewsFromSPI",0,FALSE,FALSE,NA,NA
"70","Fifth Third Bancorp : Bank Boosts Commercial Equipment Financing Support Across the Country  https://t.co/Us3fWAO0r0",FALSE,0,NA,2017-06-27 14:06:04,FALSE,NA,"879702373484167175",NA,"<a href=""http://test.zonebourse.com"" rel=""nofollow"">Zonebourse Communauté</a>","ForTraders",0,FALSE,FALSE,NA,NA
"71","A HUGE thank you to Ohio Valley Foundation, Fifth Third Bank, Agent for their $25,000 grant! This generous gift wil… https://t.co/B79v34puTN",FALSE,0,NA,2017-06-27 13:44:46,TRUE,NA,"879697012870049792",NA,"<a href=""https://ifttt.com"" rel=""nofollow"">IFTTT</a>","DCCHCenter",0,FALSE,FALSE,NA,NA
"72","Amalgamated Bank Acquires 3,100 Shares of Fifth Third Bancorp $FITB https://t.co/NM9WkAC5zC",FALSE,0,NA,2017-06-27 13:39:37,FALSE,NA,"879695715827666944",NA,"<a href=""https://ifttt.com"" rel=""nofollow"">IFTTT</a>","midetimes",0,FALSE,FALSE,NA,NA
"73","https://t.co/paCgZ3YLnT Credit Underwriter II.: Fifth Third Bank is one of the top-performing… https://t.co/GIgRRGcnKE",FALSE,0,NA,2017-06-27 13:21:21,FALSE,NA,"879691120388825089",NA,"<a href=""http://www.google.com/"" rel=""nofollow"">Google</a>","CLM_net",0,FALSE,FALSE,NA,NA
"74","https://t.co/paCgZ3YLnT Manager-Project Management: Fifth Third Bank is one of the top… https://t.co/mCJVcJ9Msv",FALSE,0,NA,2017-06-27 13:21:21,FALSE,NA,"879691118492962820",NA,"<a href=""http://www.google.com/"" rel=""nofollow"">Google</a>","CLM_net",0,FALSE,FALSE,NA,NA
"75","Mail Clerk - Fifth Third Bank - Cleveland, OH https://t.co/pQXyBgL2li",FALSE,0,NA,2017-06-27 12:23:18,FALSE,NA,"879676509585387521",NA,"<a href=""https://ifttt.com"" rel=""nofollow"">IFTTT</a>","supra1Bqteam",0,FALSE,FALSE,NA,NA
"76","I just checked in at Fifth Third Bank with #mPLUSPlaces Download today!  https://t.co/EUfbD3bHWx",FALSE,0,NA,2017-06-27 12:13:35,FALSE,NA,"879674063807008768",NA,"<a href=""http://www.apple.com"" rel=""nofollow"">iOS</a>","Jrumpler",0,FALSE,FALSE,NA,NA
"77","I just checked in at Fifth Third Bank with #mPLUSPlaces Download today!  https://t.co/NmHzMC1CmO",FALSE,0,NA,2017-06-27 12:09:00,FALSE,NA,"879672910440542210",NA,"<a href=""http://www.apple.com"" rel=""nofollow"">iOS</a>","larrymccullin",0,FALSE,FALSE,NA,NA
"78","#TOLEDO #OH #USA - Financial Center Manager III - Fifth Third Bank is one of the top-performing banks... https://t.co/b44MeixqiC #WORK #JOB",FALSE,0,NA,2017-06-27 11:00:53,FALSE,NA,"879655770555658240",NA,"<a href=""http://twibble.io"" rel=""nofollow"">Twibble.io</a>","ToledoJobs1",0,FALSE,FALSE,NA,NA
"79","Join Spigit, Kimberly-Clark &amp; Fifth Third Bank on June 28th for ""2017 Business Innovation Report"" https://t.co/6FQWsAxWk7",FALSE,0,NA,2017-06-27 10:36:11,FALSE,NA,"879649553733091330",NA,"<a href=""http://bufferapp.com"" rel=""nofollow"">Buffer</a>","IEGroup",0,FALSE,FALSE,NA,NA
"80","#colorectal Fifth Third Bank and Ricky Stenhouse Jr. lend support to Stand Up To Cancer at Ford EcoBoost 400 Race:… https://t.co/16J3bcGFdJ",FALSE,0,NA,2017-06-27 08:44:07,FALSE,NA,"879621350582697985",NA,"<a href=""https://dlvrit.com/"" rel=""nofollow"">dlvr.it</a>","Colorectal_bio",0,FALSE,FALSE,NA,NA
"81","#ovariancancer Fifth Third Bank and Ricky Stenhouse Jr. lend support to Stand Up To Cancer at Ford EcoBoost 400 Race https://t.co/BUoUHKmkat",FALSE,0,NA,2017-06-27 08:44:05,FALSE,NA,"879621342231789570",NA,"<a href=""https://dlvrit.com/"" rel=""nofollow"">dlvr.it</a>","OvarianC_bio",0,FALSE,FALSE,NA,NA
"82","#cancer #cancer Fifth Third Bank and Ricky Stenhouse Jr. lend support to Stand Up To Cancer at Ford EcoBoost 400… https://t.co/z3kfYwcSE3",FALSE,0,NA,2017-06-27 08:21:09,FALSE,NA,"879615573612560384",NA,"<a href=""https://dlvrit.com/"" rel=""nofollow"">dlvr.it</a>","Cancer_bio",0,FALSE,FALSE,NA,NA
"83","https://t.co/paCgZ3YLnT Financial Center Manager Associate.: Fifth Third Bank is one of the… https://t.co/y9MP1uu6GW",FALSE,0,NA,2017-06-27 06:33:16,FALSE,NA,"879588421282525184",NA,"<a href=""http://www.google.com/"" rel=""nofollow"">Google</a>","CLM_net",0,FALSE,FALSE,NA,NA
"84","https://t.co/paCgZ3YLnT Personal Banker I - Maidon, NC: Fifth Third Bank is one of the top… https://t.co/KomsaHSGVV",FALSE,0,NA,2017-06-27 06:33:16,FALSE,NA,"879588420372353025",NA,"<a href=""http://www.google.com/"" rel=""nofollow"">Google</a>","CLM_net",0,FALSE,FALSE,NA,NA
"85","https://t.co/paCgZ3YLnT Financial Center Manager Associate.: Fifth Third Bank is one of the… https://t.co/lKYT08Eh7l",FALSE,0,NA,2017-06-27 06:25:25,FALSE,NA,"879586446667022336",NA,"<a href=""http://www.google.com/"" rel=""nofollow"">Google</a>","CLM_net",0,FALSE,FALSE,NA,NA
"86","https://t.co/paCgZ3YLnT Enterprise Authentication Manager: Fifth Third Bank is one of the top… https://t.co/8DSyvgSTvF",FALSE,0,NA,2017-06-27 06:25:25,FALSE,NA,"879586445987651585",NA,"<a href=""http://www.google.com/"" rel=""nofollow"">Google</a>","CLM_net",0,FALSE,FALSE,NA,NA
"87","https://t.co/paCgZ3YLnT Learning Facilitator: Fifth Third Bank is one of the top-performing… https://t.co/sOXeg0GENw",FALSE,0,NA,2017-06-27 06:25:25,FALSE,NA,"879586444926476288",NA,"<a href=""http://www.google.com/"" rel=""nofollow"">Google</a>","CLM_net",0,FALSE,FALSE,NA,NA
"88","https://t.co/paCgZ3YLnT CPS Support Tech I: Fifth Third Bank is one of the top-performing… https://t.co/e7ILeZEHQS",FALSE,0,NA,2017-06-27 06:25:24,FALSE,NA,"879586444054024192",NA,"<a href=""http://www.google.com/"" rel=""nofollow"">Google</a>","CLM_net",0,FALSE,FALSE,NA,NA
"89","https://t.co/paCgZ3YLnT Adjustment Specialist II.: Fifth Third Bank is one of the top… https://t.co/u4plHng9tY",FALSE,0,NA,2017-06-27 06:25:24,FALSE,NA,"879586443374493696",NA,"<a href=""http://www.google.com/"" rel=""nofollow"">Google</a>","CLM_net",0,FALSE,FALSE,NA,NA
"90","https://t.co/paCgZ3YLnT Lead Decision Scientist.: Fifth Third Bank is one of the top… https://t.co/Y37iPOTJBQ",FALSE,0,NA,2017-06-27 06:25:24,FALSE,NA,"879586442388930560",NA,"<a href=""http://www.google.com/"" rel=""nofollow"">Google</a>","CLM_net",0,FALSE,FALSE,NA,NA
"91","https://t.co/paCgZ3YLnT Personal Banker I - Maidon, NC: Fifth Third Bank is one of the top… https://t.co/BxFpnXcKgS",FALSE,0,NA,2017-06-27 06:25:24,FALSE,NA,"879586441692663808",NA,"<a href=""http://www.google.com/"" rel=""nofollow"">Google</a>","CLM_net",0,FALSE,FALSE,NA,NA
"92","RT @EvansvilleINrr: EPD Identifies Fifth-Third Bank Robbery Suspect - 44News | Evansville, IN https://t.co/CysRQf9oS9 https://t.co/k1S8eOlr…",FALSE,0,NA,2017-06-27 04:28:11,FALSE,NA,"879556944918392833",NA,"<a href=""http://twitter.com/download/iphone"" rel=""nofollow"">Twitter for iPhone</a>","SharlaHardin",1,TRUE,FALSE,NA,NA
"93","RT @IE_Strategy: Join Spigit, Kimberly-Clark &amp; Fifth Third Bank on June 28th for ""2017 Business Innovation Report"" https://t.co/RUL6z4Azp3",FALSE,0,NA,2017-06-27 03:53:41,FALSE,NA,"879548261094305796",NA,"<a href=""http://twitter.com"" rel=""nofollow"">Add Your Account</a>","G_In_I",1,TRUE,FALSE,NA,NA
"94","Join Spigit, Kimberly-Clark &amp; Fifth Third Bank on June 28th for ""2017 Business Innovation Report"" https://t.co/RUL6z4Azp3",FALSE,1,NA,2017-06-27 03:35:00,FALSE,NA,"879543559417995264",NA,"<a href=""http://bufferapp.com"" rel=""nofollow"">Buffer</a>","IE_Strategy",1,FALSE,FALSE,NA,NA
"95","Mail Clerk - Fifth Third Bank - Cleveland, OH https://t.co/KbAC3WSQCa",FALSE,0,NA,2017-06-27 02:23:49,FALSE,NA,"879525644253753344",NA,"<a href=""https://ifttt.com"" rel=""nofollow"">IFTTT</a>","supra1Bqteam",0,FALSE,FALSE,NA,NA
"96","Lead CSR / Teller - Westchase BC - Full Time - Fifth Third Bank - Tampa, FL https://t.co/9okMDJZ4YE job tampa",FALSE,0,NA,2017-06-26 23:58:04,FALSE,NA,"879488966407344128",NA,"<a href=""https://dlvrit.com/"" rel=""nofollow"">dlvr.it</a>","JobsTampa1",0,FALSE,FALSE,NA,NA
"97","Join Spigit, Kimberly-Clark &amp; Fifth Third Bank on June 28th for ""2017 Business Innovation Report"" https://t.co/1gQn5mW1fF",FALSE,0,NA,2017-06-26 23:33:00,FALSE,NA,"879482659180875783",NA,"<a href=""http://bufferapp.com"" rel=""nofollow"">Buffer</a>","IE_Shivanee",1,FALSE,FALSE,NA,NA
"98","I just checked in at Fifth Third Bank with #mPLUSPlaces Download today!  https://t.co/KMRUUojvBi",FALSE,0,NA,2017-06-26 22:54:08,FALSE,NA,"879472879078920193",NA,"<a href=""http://www.apple.com"" rel=""nofollow"">iOS</a>","RebaCarolyn",0,FALSE,FALSE,NA,NA
"99","@FifthThird Yah def not going to fifth third bank anymore #notproud",FALSE,0,"FifthThird",2017-06-26 20:28:09,FALSE,"870618532962238465","879436140037779456","231213589","<a href=""http://twitter.com/download/iphone"" rel=""nofollow"">Twitter for iPhone</a>","jonnyfakhouri",0,FALSE,FALSE,NA,NA
"100","I just checked in at Fifth Third Bank with #mPLUSPlaces Download today!  https://t.co/nokAx3ZSPQ",FALSE,0,NA,2017-06-26 20:23:02,FALSE,NA,"879434853363658757",NA,"<a href=""http://www.apple.com"" rel=""nofollow"">iOS</a>","gillbitz",0,FALSE,FALSE,NA,NA
"101","I'm at Fifth Third Bank in Medina, OH https://t.co/4cArZZzUkf",FALSE,0,NA,2017-06-26 19:30:53,FALSE,NA,"879421727780081669",NA,"<a href=""http://foursquare.com"" rel=""nofollow"">Foursquare</a>","BigDawgSwifty13",0,FALSE,FALSE,"-81.86298251","41.14933455"
"102","I just checked in at Fifth Third Bank with #mPLUSPlaces Download today!  https://t.co/Vg7T8lQ1Ml",FALSE,0,NA,2017-06-26 19:25:30,FALSE,NA,"879420371946098688",NA,"<a href=""http://www.apple.com"" rel=""nofollow"">iOS</a>","otfld25",0,FALSE,FALSE,NA,NA
"103","why is fifth third bank soooo far from my house",FALSE,0,NA,2017-06-26 19:11:21,FALSE,NA,"879416813012094980",NA,"<a href=""http://twitter.com/download/iphone"" rel=""nofollow"">Twitter for iPhone</a>","cammicola",0,FALSE,FALSE,NA,NA
"104","Fifth Third Bank Reduces Lighting-related Energy Consumption by 50% - Energy Manager Today https://t.co/DBUD4LnM6I https://t.co/ZbJoRnv4VP",FALSE,0,NA,2017-06-26 18:26:36,FALSE,NA,"879405549431009280",NA,"<a href=""http://twitter.com/download/iphone"" rel=""nofollow"">Twitter for iPhone</a>","EPTech_",0,FALSE,FALSE,NA,NA
"105","I just checked in at Fifth Third Bank with #mPLUSPlaces Download today!  https://t.co/KXKB8lR0wG",FALSE,0,NA,2017-06-26 17:52:45,FALSE,NA,"879397033421000704",NA,"<a href=""http://www.apple.com"" rel=""nofollow"">iOS</a>","sweetpea32873",0,FALSE,FALSE,NA,NA
"106","Join Spigit, Kimberly-Clark &amp; Fifth Third Bank on June 28th for ""2017 Business Innovation Report"" https://t.co/kgazsiqyH4",FALSE,0,NA,2017-06-26 17:01:49,FALSE,NA,"879384214625546243",NA,"<a href=""http://bufferapp.com"" rel=""nofollow"">Buffer</a>","IE_Afo",0,FALSE,FALSE,NA,NA
"107","If y'all tryna open up a bank account y'all come see me at Fifth Third. <ed><U+00A0><U+00BD><ed><U+00B8><U+0081><ed><U+00A0><U+00BD><ed><U+00B8><U+0081><ed><U+00A0><U+00BD><ed><U+00B8><U+0081>",FALSE,1,NA,2017-06-26 16:17:33,FALSE,NA,"879373072725405697",NA,"<a href=""http://twitter.com/download/iphone"" rel=""nofollow"">Twitter for iPhone</a>","CalMeUrPrincess",0,FALSE,FALSE,NA,NA
"108","I just checked in at Fifth Third Bank with #mPLUSPlaces Download today!  https://t.co/FwTzgfj0ac",FALSE,0,NA,2017-06-26 16:10:43,FALSE,NA,"879371353438269440",NA,"<a href=""http://www.apple.com"" rel=""nofollow"">iOS</a>","CandlemadDay",0,FALSE,FALSE,NA,NA
"109","Join Spigit, Kimberly-Clark &amp; Fifth Third Bank on June 28th for ""2017 Business Innovation Report"" https://t.co/WENGv4hlyl",FALSE,0,NA,2017-06-26 15:57:13,FALSE,NA,"879367956068696064",NA,"<a href=""http://bufferapp.com"" rel=""nofollow"">Buffer</a>","IE_Innovation",0,FALSE,FALSE,NA,NA
"110","I just checked in at Fifth Third Bank with #mPLUSPlaces Download today!  https://t.co/1y6xY9xJAo",FALSE,0,NA,2017-06-26 15:56:37,FALSE,NA,"879367805510062080",NA,"<a href=""http://www.apple.com"" rel=""nofollow"">iOS</a>","Ssmileys",0,FALSE,FALSE,NA,NA
"111","I just checked in at Fifth Third Bank with #mPLUSPlaces Download today!  https://t.co/IslVNlYI4U",FALSE,0,NA,2017-06-26 15:28:44,FALSE,NA,"879360788603056128",NA,"<a href=""http://www.apple.com"" rel=""nofollow"">iOS</a>","BugabooDaycare",0,FALSE,FALSE,NA,NA
"112","I just checked in at Fifth Third Bank with #mPLUSPlaces Download today!  https://t.co/bVsJOcGz8B",FALSE,0,NA,2017-06-26 14:30:44,FALSE,NA,"879346191724576768",NA,"<a href=""http://www.apple.com"" rel=""nofollow"">iOS</a>","SparklesHope",0,FALSE,FALSE,NA,NA
"113","Community Bank System, Inc. $CBU Position Cut by Fifth Third Bancorp https://t.co/PFUr2Hbta3",FALSE,0,NA,2017-06-26 14:25:08,FALSE,NA,"879344784321728514",NA,"<a href=""https://zapier.com/"" rel=""nofollow"">Zapier.com</a>","TheMarketsDaily",0,FALSE,FALSE,NA,NA
"114","https://t.co/paCgZ3YLnT Retail Personal Banker II - Metro North Region: Fifth Third Bank is… https://t.co/lugRPdhnMv",FALSE,0,NA,2017-06-26 13:46:59,FALSE,NA,"879335184293933056",NA,"<a href=""http://www.google.com/"" rel=""nofollow"">Google</a>","CLM_net",0,FALSE,FALSE,NA,NA
"115","https://t.co/paCgZ4gmfr Digital Marketing Manager: Fifth Third Bank is one of the top… https://t.co/2J5NZvi6Et",FALSE,0,NA,2017-06-26 13:30:43,FALSE,NA,"879331087117238272",NA,"<a href=""http://www.google.com/"" rel=""nofollow"">Google</a>","CLM_net",0,FALSE,FALSE,NA,NA
"116","Find a Fifth Third Bank Branch or ATM near you https://t.co/VllhazWmLl",FALSE,0,NA,2017-06-26 13:06:07,FALSE,NA,"879324897008332801",NA,"<a href=""http://www.lending-times.com"" rel=""nofollow"">Lending Times</a>","lending_times",0,FALSE,FALSE,NA,NA
"117","Looking for 'MY MONEY OR MY ORDER'? I found 'Fifth Third Bank', a bank! https://t.co/Oha14A96uF https://t.co/EJ0xseJ5eg",FALSE,0,NA,2017-06-26 12:51:39,FALSE,NA,"879321255895334913",NA,"<a href=""https://twitter.com/"" rel=""nofollow"">WhereIsItBot</a>","WhereIsItBot",0,FALSE,FALSE,NA,NA
"118","Community Bank System, Inc. $CBU Position Cut by Fifth Third Bancorp https://t.co/E3oXjYhh85",FALSE,0,NA,2017-06-26 12:26:59,FALSE,NA,"879315049856344065",NA,"<a href=""https://ifttt.com"" rel=""nofollow"">IFTTT</a>","midetimes",0,FALSE,FALSE,NA,NA
"119","Mail Clerk - Fifth Third Bank - Cleveland, OH https://t.co/poUMLfjnXk",FALSE,0,NA,2017-06-26 04:13:17,FALSE,NA,"879190808414519296",NA,"<a href=""https://ifttt.com"" rel=""nofollow"">IFTTT</a>","supra1Bqteam",0,FALSE,FALSE,NA,NA
"120","Mail Clerk - Fifth Third Bank - Cleveland, OH https://t.co/sjKwUcNJgE",FALSE,0,NA,2017-06-25 22:23:14,FALSE,NA,"879102714021634048",NA,"<a href=""https://ifttt.com"" rel=""nofollow"">IFTTT</a>","supra1Bqteam",0,FALSE,FALSE,NA,NA
"121","I just checked in at Fifth Third Bank with #mPLUSPlaces Download today!  https://t.co/Dov4HY6WvK",FALSE,0,NA,2017-06-25 20:13:43,FALSE,NA,"879070118147485697",NA,"<a href=""http://www.apple.com"" rel=""nofollow"">iOS</a>","ogrosky",0,FALSE,FALSE,NA,NA
"122","RT @ExperienceGR: Welcome to #GrandRapids, @CHRIS_Daughtry! We hope you have a great show tomorrow at @MeijerGardens! https://t.co/XlECF9D0…",FALSE,0,NA,2017-06-25 18:46:58,FALSE,NA,"879048286811947008",NA,"<a href=""http://twitter.com/download/android"" rel=""nofollow"">Twitter for Android</a>","jenniferbristow",1,TRUE,FALSE,NA,NA
"123","I just checked in at Fifth Third Bank with #mPLUSPlaces Download today!  https://t.co/rIhVW72qgN",FALSE,0,NA,2017-06-25 17:28:06,FALSE,NA,"879028442406281217",NA,"<a href=""http://www.apple.com"" rel=""nofollow"">iOS</a>","abbeycoffee",0,FALSE,FALSE,NA,NA
"124","I just checked in at Fifth Third Bank with #mPLUSPlaces Download today!  https://t.co/EUfbD3bHWx",FALSE,0,NA,2017-06-25 17:02:38,FALSE,NA,"879022032020795392",NA,"<a href=""http://www.apple.com"" rel=""nofollow"">iOS</a>","Jrumpler",0,FALSE,FALSE,NA,NA
"125","I just checked in at Fifth Third Bank with #mPLUSPlaces Download today!  https://t.co/Zk97lz0E9H",FALSE,0,NA,2017-06-25 13:00:23,FALSE,NA,"878961067233247232",NA,"<a href=""http://www.apple.com"" rel=""nofollow"">iOS</a>","JeffreyDCarman",0,FALSE,FALSE,NA,NA
"126","Welcome to #GrandRapids, @CHRIS_Daughtry! We hope you have a great show tomorrow at @MeijerGardens! https://t.co/XlECF9D0pu",FALSE,7,NA,2017-06-25 01:00:03,FALSE,NA,"878779789603155968",NA,"<a href=""http://sproutsocial.com"" rel=""nofollow"">Sprout Social</a>","ExperienceGR",1,FALSE,FALSE,NA,NA
"127","Mortgage Loan Originator - Fifth Third Bank - Columbus, OH https://t.co/LiGG9KS9Ng Job Columbus",FALSE,0,NA,2017-06-25 00:29:04,FALSE,NA,"878771992706424832",NA,"<a href=""https://dlvrit.com/"" rel=""nofollow"">dlvr.it</a>","JobsColumbus1",0,FALSE,FALSE,NA,NA
"128","why would I want to keep my money in Fifth Third Bank, based on that name these fucks can't even do math",FALSE,0,NA,2017-06-24 18:41:21,FALSE,NA,"878684487990857728",NA,"<a href=""https://www.socialoomph.com"" rel=""nofollow"">SocialOomph</a>","Sgt_Hulka",0,FALSE,FALSE,NA,NA
"129","I think we're all wondering if anyone in cobb uses the Fifth Third bank.... anyone?",FALSE,2,NA,2017-06-24 17:50:43,FALSE,NA,"878671743103139845",NA,"<a href=""http://twitter.com/download/iphone"" rel=""nofollow"">Twitter for iPhone</a>","CourtneyGotti",0,FALSE,FALSE,NA,NA
"130","I just checked in at Fifth Third Bank with #mPLUSPlaces Download today!  https://t.co/BiodgOLHiW",FALSE,0,NA,2017-06-24 15:22:31,FALSE,NA,"878634447301726208",NA,"<a href=""http://www.apple.com"" rel=""nofollow"">iOS</a>","abbylynne3",0,FALSE,FALSE,NA,NA
"131","RT @energyenviro: Fifth Third Bank Reduces Lighting-related Energy Consumption by 50% https://t.co/HGjPo48Ydi #Bank #LEDlighting #EnergySav…",FALSE,0,NA,2017-06-24 13:57:04,FALSE,NA,"878612946393452544",NA,"<a href=""http://twitter.com"" rel=""nofollow"">Twitter Web Client</a>","cberrl",1,TRUE,FALSE,NA,NA
"132","I just checked in at Fifth Third Bank with #mPLUSPlaces Download today!  https://t.co/EUfbD3bHWx",FALSE,0,NA,2017-06-24 12:07:42,FALSE,NA,"878585420405248000",NA,"<a href=""http://www.apple.com"" rel=""nofollow"">iOS</a>","Jrumpler",0,FALSE,FALSE,NA,NA
"133","FIRST REPUBLIC BANK $FRC Position Lowered by Fifth Third Bancorp https://t.co/eQIj12ik0N",FALSE,0,NA,2017-06-24 12:00:52,FALSE,NA,"878583701059358720",NA,"<a href=""https://ifttt.com"" rel=""nofollow"">IFTTT</a>","WKRBNews",0,FALSE,FALSE,NA,NA
"134","FIRST REPUBLIC BANK $FRC Position Lowered by Fifth Third Bancorp https://t.co/Z1H9P4aYKg",FALSE,0,NA,2017-06-24 11:53:15,FALSE,NA,"878581786544099328",NA,"<a href=""https://ifttt.com"" rel=""nofollow"">IFTTT</a>","WKRBNews",0,FALSE,FALSE,NA,NA
"135","Fifth Third Bank? Really? That was the winning name?… https://t.co/vUjBbclfcx",FALSE,0,NA,2017-06-24 11:16:21,FALSE,NA,"878572499658735617",NA,"<a href=""http://instagram.com"" rel=""nofollow"">Instagram</a>","MindyErchull",0,FALSE,FALSE,NA,NA
"136","https://t.co/paCgZ3YLnT Financial Center Manager Associate - Gary: Fifth Third Bank is one of… https://t.co/SUpmTZ4Vm2",FALSE,0,NA,2017-06-24 05:54:00,FALSE,NA,"878491378107461633",NA,"<a href=""http://www.google.com/"" rel=""nofollow"">Google</a>","CLM_net",0,FALSE,FALSE,NA,NA
"137","https://t.co/paCgZ3YLnT Retail Personal Banker II: Fifth Third Bank is one of the top… https://t.co/gJ4rEq9wjF",FALSE,0,NA,2017-06-24 05:53:49,FALSE,NA,"878491329050935296",NA,"<a href=""http://www.google.com/"" rel=""nofollow"">Google</a>","CLM_net",0,FALSE,FALSE,NA,NA
"138","https://t.co/paCgZ3YLnT Retail Personal Banker II - Mature: Fifth Third Bank is one of the top… https://t.co/uXMAO6cUp7",FALSE,0,NA,2017-06-24 05:53:48,FALSE,NA,"878491328207880192",NA,"<a href=""http://www.google.com/"" rel=""nofollow"">Google</a>","CLM_net",0,FALSE,FALSE,NA,NA
"139","https://t.co/paCgZ3YLnT Retail Personal Banker Associate II.: Fifth Third Bank is one of the… https://t.co/bTDkArT743",FALSE,0,NA,2017-06-24 05:53:48,FALSE,NA,"878491327461289984",NA,"<a href=""http://www.google.com/"" rel=""nofollow"">Google</a>","CLM_net",0,FALSE,FALSE,NA,NA
"140","https://t.co/paCgZ3YLnT Retail Personal Banker II - Growth - Aurora: Fifth Third Bank is one… https://t.co/Q9kgP8TxCE",FALSE,0,NA,2017-06-24 05:53:48,FALSE,NA,"878491326471434241",NA,"<a href=""http://www.google.com/"" rel=""nofollow"">Google</a>","CLM_net",0,FALSE,FALSE,NA,NA
"141","https://t.co/paCgZ3YLnT Mail Clerk: Fifth Third Bank is one of the top-performing banks in the… https://t.co/K2Ygh4Hqc6",FALSE,0,NA,2017-06-24 05:48:26,FALSE,NA,"878489976329129984",NA,"<a href=""http://www.google.com/"" rel=""nofollow"">Google</a>","CLM_net",0,FALSE,FALSE,NA,NA
"142","https://t.co/paCgZ3YLnT Customer Service Agent- Inbound Call Center: Fifth Third Bank is one… https://t.co/AaOt1R9aQ5",FALSE,0,NA,2017-06-24 05:48:26,FALSE,NA,"878489975532269568",NA,"<a href=""http://www.google.com/"" rel=""nofollow"">Google</a>","CLM_net",0,FALSE,FALSE,NA,NA
"143","https://t.co/paCgZ3YLnT Retail Personal Banker II: Fifth Third Bank is one of the top… https://t.co/mPhek35dVs",FALSE,0,NA,2017-06-24 05:48:26,FALSE,NA,"878489974773100545",NA,"<a href=""http://www.google.com/"" rel=""nofollow"">Google</a>","CLM_net",0,FALSE,FALSE,NA,NA
"144","https://t.co/paCgZ3YLnT Financial Center Manager Associate - Gary: Fifth Third Bank is one of… https://t.co/jKxTwMOqq0",FALSE,0,NA,2017-06-24 05:48:26,FALSE,NA,"878489974139736065",NA,"<a href=""http://www.google.com/"" rel=""nofollow"">Google</a>","CLM_net",0,FALSE,FALSE,NA,NA
"145","https://t.co/paCgZ3YLnT Retail Personal Banker II - Mature: Fifth Third Bank is one of the top… https://t.co/Gs5fUIaCHm",FALSE,0,NA,2017-06-24 05:48:24,FALSE,NA,"878489966753525760",NA,"<a href=""http://www.google.com/"" rel=""nofollow"">Google</a>","CLM_net",0,FALSE,FALSE,NA,NA
"146","https://t.co/paCgZ3YLnT Retail Personal Banker Associate II.: Fifth Third Bank is one of the… https://t.co/hyrV6sB1Wo",FALSE,0,NA,2017-06-24 05:48:24,FALSE,NA,"878489965998559232",NA,"<a href=""http://www.google.com/"" rel=""nofollow"">Google</a>","CLM_net",0,FALSE,FALSE,NA,NA
"147","https://t.co/paCgZ3YLnT Disputes Resolution Analyst I.: Fifth Third Bank is one of the top… https://t.co/aeXVbcrwBx",FALSE,0,NA,2017-06-24 05:48:23,FALSE,NA,"878489965319073793",NA,"<a href=""http://www.google.com/"" rel=""nofollow"">Google</a>","CLM_net",0,FALSE,FALSE,NA,NA
"148","https://t.co/paCgZ3YLnT Retail Personal Banker II - Growth - Aurora: Fifth Third Bank is one… https://t.co/1q2trUhKsb",FALSE,0,NA,2017-06-24 05:48:21,FALSE,NA,"878489956938915840",NA,"<a href=""http://www.google.com/"" rel=""nofollow"">Google</a>","CLM_net",0,FALSE,FALSE,NA,NA
"149","Just saw a deer galloping through th Fifth Third Bank parking lot! I think it used to be a marsh!",FALSE,0,NA,2017-06-24 03:01:24,FALSE,NA,"878447938938253312",NA,"<a href=""http://twitter.com/download/iphone"" rel=""nofollow"">Twitter for iPhone</a>","modicumdumpster",0,FALSE,FALSE,NA,NA
"150","I just checked in at Fifth Third Bank with #mPLUSPlaces Download today!  https://t.co/msIkcph4ux",FALSE,0,NA,2017-06-24 00:45:52,FALSE,NA,"878413831982243841",NA,"<a href=""http://www.apple.com"" rel=""nofollow"">iOS</a>","patsfan10111",0,FALSE,FALSE,NA,NA
"151","I just checked in at Fifth Third Bank with #mPLUSPlaces Download today!  https://t.co/CKUie3OfU7",FALSE,0,NA,2017-06-24 00:20:06,FALSE,NA,"878407347378454528",NA,"<a href=""http://www.apple.com"" rel=""nofollow"">iOS</a>","bobbieworden",0,FALSE,FALSE,NA,NA
"152","@FifthThird Why is fifth third bank getting hate?  I'm not caught up with the drama so someone fill me in",FALSE,0,"FifthThird",2017-06-23 23:52:25,FALSE,"875669299637219333","878400381566541824","231213589","<a href=""http://twitter.com/download/android"" rel=""nofollow"">Twitter for Android</a>","salyers_tara",0,FALSE,FALSE,NA,NA
"153","Fifth Third Bank Reduces Lighting-related Energy Consumption by 50% https://t.co/zBYINjdKRU https://t.co/gjCnt2vprI",FALSE,0,NA,2017-06-23 22:24:09,FALSE,NA,"878378169878716416",NA,"<a href=""https://dlvrit.com/"" rel=""nofollow"">dlvr.it</a>","solomonquansah",0,FALSE,FALSE,NA,NA
"154","@Joeydoughnuts75 @FifthThird @EconomicsCenter Fifth Third Bank has always been bad. In my home town for years terrible service ect.",FALSE,1,"Joeydoughnuts75",2017-06-23 22:05:01,FALSE,"878091955112218624","878373353219805184","4851416722","<a href=""http://twitter.com/download/iphone"" rel=""nofollow"">Twitter for iPhone</a>","tracymc_69",0,FALSE,FALSE,NA,NA
"155","I just checked in at Fifth Third Bank with #mPLUSPlaces Download today!  https://t.co/9TMXQTwNt9",FALSE,0,NA,2017-06-23 21:15:41,FALSE,NA,"878360936691716096",NA,"<a href=""http://www.apple.com"" rel=""nofollow"">iOS</a>","moondors",0,FALSE,FALSE,NA,NA
"156","I just checked in at Fifth Third Bank with #mPLUSPlaces Download today!  https://t.co/Vg7T8lQ1Ml",FALSE,0,NA,2017-06-23 20:43:56,FALSE,NA,"878352948308455424",NA,"<a href=""http://www.apple.com"" rel=""nofollow"">iOS</a>","otfld25",0,FALSE,FALSE,NA,NA
"157","I just checked in at Fifth Third Bank with #mPLUSPlaces Download today!  https://t.co/Vg7T8m7CDT",FALSE,0,NA,2017-06-23 20:43:56,FALSE,NA,"878352947532275717",NA,"<a href=""http://www.apple.com"" rel=""nofollow"">iOS</a>","otfld25",0,FALSE,FALSE,NA,NA
"158","Fifth Third Bank, Ohio -- Moody's affirms Fifth Third's ratings (holding company senior at Baa1); outlook remai... https://t.co/mWJIKwQxww",FALSE,0,NA,2017-06-23 19:00:22,FALSE,NA,"878326886350204928",NA,"<a href=""http://www.hootsuite.com"" rel=""nofollow"">Hootsuite</a>","Medien_News",0,FALSE,FALSE,NA,NA
"159","Director, Leveraged Finance Group - Charlotte, NC, 28230, USA #jobs #Charlotte pls RT: Fifth Third Bank is one of… https://t.co/ZWrr5LSWOT",FALSE,0,NA,2017-06-23 18:55:06,FALSE,NA,"878325560472031232",NA,"<a href=""https://dlvrit.com/"" rel=""nofollow"">dlvr.it</a>","Climber_AF",0,FALSE,FALSE,NA,NA
"160","Principal, Leveraged Finance Group - Charlotte, NC, 28230, USA #jobs #Charlotte pls RT: Fifth Third Bank is one of… https://t.co/WfJqiCkGlY",FALSE,0,NA,2017-06-23 18:55:06,FALSE,NA,"878325558353944579",NA,"<a href=""https://dlvrit.com/"" rel=""nofollow"">dlvr.it</a>","Climber_AF",0,FALSE,FALSE,NA,NA
"161","Sr Structured Finance Collateral Analyst - Chicago, IL, 60664, USA #jobs #Chicago pls RT: Fifth Third Bank is one… https://t.co/5ogzc02Uqp",FALSE,0,NA,2017-06-23 18:55:05,FALSE,NA,"878325556286074881",NA,"<a href=""https://dlvrit.com/"" rel=""nofollow"">dlvr.it</a>","Climber_AF",0,FALSE,FALSE,NA,NA
"162","I just checked in at Fifth Third Bank with #mPLUSPlaces Download today!  https://t.co/FwTzgfAB1K",FALSE,0,NA,2017-06-23 17:21:57,FALSE,NA,"878302119266099201",NA,"<a href=""http://www.apple.com"" rel=""nofollow"">iOS</a>","CandlemadDay",0,FALSE,FALSE,NA,NA
"163","I just checked in at Fifth Third Bank with #mPLUSPlaces Download today!  https://t.co/FwTzgfj0ac",FALSE,0,NA,2017-06-23 16:51:43,FALSE,NA,"878294509662203904",NA,"<a href=""http://www.apple.com"" rel=""nofollow"">iOS</a>","CandlemadDay",0,FALSE,FALSE,NA,NA
"164","I just checked in at Fifth Third Bank with #mPLUSPlaces Download today!  https://t.co/KXKB8m8Boe",FALSE,0,NA,2017-06-23 16:35:21,FALSE,NA,"878290390113067008",NA,"<a href=""http://www.apple.com"" rel=""nofollow"">iOS</a>","sweetpea32873",0,FALSE,FALSE,NA,NA
"165","Fifth Third Bank Reduces Lighting-related Energy Consumption by 50% https://t.co/HGjPo48Ydi #Bank #LEDlighting #EnergySavings",FALSE,1,NA,2017-06-23 13:47:45,FALSE,NA,"878248210996887556",NA,"<a href=""http://twitter.com"" rel=""nofollow"">Twitter Web Client</a>","energyenviro",1,FALSE,FALSE,NA,NA
"166","Just took a PNC Bank money purse into Fifth-Third to get some bills broke.
#savage",FALSE,1,NA,2017-06-23 13:35:13,FALSE,NA,"878245058218139648",NA,"<a href=""http://twitter.com/download/iphone"" rel=""nofollow"">Twitter for iPhone</a>","J_Griff_24",0,FALSE,FALSE,NA,NA
"167","I just checked in at Fifth Third Bank with #mPLUSPlaces Download today!  https://t.co/j8OaFppC9z",FALSE,0,NA,2017-06-23 10:48:16,FALSE,NA,"878203044575428608",NA,"<a href=""http://www.apple.com"" rel=""nofollow"">iOS</a>","lilbabyk360",0,FALSE,FALSE,NA,NA
"168","Fifth Third Bank Reduces Lighting-related Energy Consumption by 50% https://t.co/y1CGtiBczH",FALSE,0,NA,2017-06-23 08:01:19,FALSE,NA,"878161028680372224",NA,"<a href=""http://www.facebook.com/twitter"" rel=""nofollow"">Facebook</a>","MisuraFacile",0,FALSE,FALSE,NA,NA
"169","Fifth Third Bank Reduces Lighting-related Energy Consumption by 50% https://t.co/Ra89gfizfm #Energy",FALSE,0,NA,2017-06-23 07:30:31,FALSE,NA,"878153277233287168",NA,"<a href=""http://www.energymanagertoday.com"" rel=""nofollow"">Energy_Manager_Today</a>","EnergyMngrToday",0,FALSE,FALSE,NA,NA
"170","@the_rafor There's a bank in Michigan called the fifth third and I don't know why they didn't stop at four thirds let alone one whole",FALSE,1,"the_rafor",2017-06-23 06:52:12,FALSE,"878140944763113472","878143637304991744","108484076","<a href=""http://twitter.com/download/iphone"" rel=""nofollow"">Twitter for iPhone</a>","Callsign_What_",0,FALSE,FALSE,NA,NA
"171","https://t.co/paCgZ4gmfr Lead Business Analyst: Fifth Third Bank is one of the top-performing… https://t.co/ePtpJHBFfy",FALSE,0,NA,2017-06-23 06:22:34,FALSE,NA,"878136179899514880",NA,"<a href=""http://www.google.com/"" rel=""nofollow"">Google</a>","CLM_net",0,FALSE,FALSE,NA,NA
"172","https://t.co/paCgZ3YLnT Retail Personal Banker II - Mature: Fifth Third Bank is one of the top… https://t.co/9YJGq8v3ET",FALSE,0,NA,2017-06-23 06:22:34,FALSE,NA,"878136179023065091",NA,"<a href=""http://www.google.com/"" rel=""nofollow"">Google</a>","CLM_net",0,FALSE,FALSE,NA,NA
"173","https://t.co/paCgZ4gmfr Accounting Associate: Fifth Third Bank is one of the top-performing… https://t.co/3SDpqvne6E",FALSE,0,NA,2017-06-23 06:22:34,FALSE,NA,"878136178179948544",NA,"<a href=""http://www.google.com/"" rel=""nofollow"">Google</a>","CLM_net",0,FALSE,FALSE,NA,NA
"174","https://t.co/paCgZ4gmfr Retail Personal Banker II: Fifth Third Bank is one of the top… https://t.co/Sjorom1upZ",FALSE,0,NA,2017-06-23 06:22:34,FALSE,NA,"878136177110286336",NA,"<a href=""http://www.google.com/"" rel=""nofollow"">Google</a>","CLM_net",0,FALSE,FALSE,NA,NA
"175","https://t.co/paCgZ3YLnT Mortgage Sales Assistant.: Fifth Third Bank is one of the top… https://t.co/kRqzrIRHvl",FALSE,0,NA,2017-06-23 06:22:33,FALSE,NA,"878136174103187457",NA,"<a href=""http://www.google.com/"" rel=""nofollow"">Google</a>","CLM_net",0,FALSE,FALSE,NA,NA
"176","https://t.co/paCgZ3YLnT Retail Personal Banker Associate II: Fifth Third Bank is one of the… https://t.co/nXIgthbnrO",FALSE,0,NA,2017-06-23 06:22:33,FALSE,NA,"878136173155233792",NA,"<a href=""http://www.google.com/"" rel=""nofollow"">Google</a>","CLM_net",0,FALSE,FALSE,NA,NA
"177","https://t.co/paCgZ4gmfr Retail Personal Banker Associate I: Fifth Third Bank is one of the top… https://t.co/Soikgms1sE",FALSE,0,NA,2017-06-23 06:22:33,FALSE,NA,"878136172232310784",NA,"<a href=""http://www.google.com/"" rel=""nofollow"">Google</a>","CLM_net",0,FALSE,FALSE,NA,NA
"178","why did this make me momentarily triggered like maybe we don't want to live a fifth third bank life bdksndjdnc https://t.co/uIcasDT69t",FALSE,0,NA,2017-06-23 05:28:02,FALSE,NA,"878122455142776832",NA,"<a href=""http://twitter.com/download/iphone"" rel=""nofollow"">Twitter for iPhone</a>","dearhaos",0,FALSE,FALSE,NA,NA
"179","@saranutter ""Early in the 20th century came the union of the Third National Bank and the Fifth National Bank to for… https://t.co/GfnkuFQNRD",FALSE,0,"saranutter",2017-06-23 05:09:30,TRUE,"878077514458972161","878117791991177216","198783148","<a href=""http://twitter.com"" rel=""nofollow"">Twitter Web Client</a>","RobHeittman",0,FALSE,FALSE,NA,NA
"180","Wheaton man says Fifth Third Bank and collection firm sent letter on discharged debt https://t.co/6k0xIM5xIR",FALSE,0,NA,2017-06-23 04:44:03,FALSE,NA,"878111387016454145",NA,"<a href=""https://pipeline.locallabs.com"" rel=""nofollow"">LocalLabs - Pipeline</a>","CookRecord",0,FALSE,FALSE,NA,NA
"181","RT @Joeydoughnuts75: @FifthThird @EconomicsCenter What kind of name is Fifth Third for a bank? Bad at fractions Bank is a better name. How…",FALSE,0,NA,2017-06-23 03:26:55,FALSE,NA,"878091974674337792",NA,"<a href=""http://twitter.com/download/iphone"" rel=""nofollow"">Twitter for iPhone</a>","Joeydoughnuts75",1,TRUE,FALSE,NA,NA
"182","@FifthThird @EconomicsCenter What kind of name is Fifth Third for a bank? Bad at fractions Bank is a better name. H… https://t.co/3i0dMiH58F",FALSE,2,"FifthThird",2017-06-23 03:26:50,TRUE,"876790495535673344","878091955112218624","231213589","<a href=""http://twitter.com/download/iphone"" rel=""nofollow"">Twitter for iPhone</a>","Joeydoughnuts75",1,FALSE,FALSE,NA,NA
"183","""That's a whole lot of percents.""
Who knew fifth third bank was so pure omg https://t.co/TDKelFV1ae",FALSE,0,NA,2017-06-23 01:18:54,FALSE,NA,"878059759966056448",NA,"<a href=""http://twitter.com/download/iphone"" rel=""nofollow"">Twitter for iPhone</a>","lovegoodhowell",0,FALSE,FALSE,NA,NA
"184","Financial Center #manager #associate: Fifth Third #bank, Louisville, KY. https://t.co/ZRdslhxbEB #MBA #jobs #USA",FALSE,0,NA,2017-06-23 00:30:04,FALSE,NA,"878047468419723264",NA,"<a href=""http://www.mba-exchange.com"" rel=""nofollow"">Mba Jobs in East South Central</a>","MBA_Jobs_USA_6",0,FALSE,FALSE,NA,NA
"185","I was trying to tell a guest that there’s a Fifth Third Bank down the road but I couldn’t remember the fraction so I said Five Two Bank",FALSE,6,NA,2017-06-22 21:18:05,FALSE,NA,"877999156291305473",NA,"<a href=""http://itunes.apple.com/us/app/twitter/id409789998?mt=12"" rel=""nofollow"">Twitter for Mac</a>","thelilnan",0,FALSE,FALSE,NA,NA
"186","I don't trust people who use Fifth Third bank",FALSE,1,NA,2017-06-22 20:56:44,FALSE,NA,"877993781533917184",NA,"<a href=""http://twitter.com/download/iphone"" rel=""nofollow"">Twitter for iPhone</a>","DA_REAL_EVANBAY",0,FALSE,FALSE,NA,NA
"187","I'm at Fifth Third Bank &amp; ATM in Sarasota, FL https://t.co/WAgzmV96R0",FALSE,0,NA,2017-06-22 20:31:07,FALSE,NA,"877987333995347968",NA,"<a href=""http://foursquare.com"" rel=""nofollow"">Foursquare</a>","FLScot2011",0,FALSE,FALSE,"-82.52146214","27.25816563"
"188","I just checked in at Fifth Third Bank with #mPLUSPlaces Download today!  https://t.co/1y6xY9g8bO",FALSE,0,NA,2017-06-22 19:58:46,FALSE,NA,"877979195439054848",NA,"<a href=""http://www.apple.com"" rel=""nofollow"">iOS</a>","Ssmileys",0,FALSE,FALSE,NA,NA
"189","RT @FoxTheatreDet: Olympia Entertainment announces an exciting lineup to headline the 2017-18 Fifth Third Bank Fox Theatre Series: https://…",FALSE,0,NA,2017-06-22 16:56:28,FALSE,NA,"877933315797516288",NA,"<a href=""http://twitter.com"" rel=""nofollow"">Twitter Web Client</a>","Colleen06234316",1,TRUE,FALSE,NA,NA
"190","We will be at the Fifth Third Bank, 233 Washington Ave, Grand Haven from noon until 3 with our adoptable dogs and T… https://t.co/8JxGw1SbSu",FALSE,0,NA,2017-06-22 16:12:28,TRUE,NA,"877922245322170369",NA,"<a href=""http://twitter.com/download/iphone"" rel=""nofollow"">Twitter for iPhone</a>","BestPalsRescue",0,FALSE,FALSE,NA,NA
"191","I just checked in at Fifth Third Bank with #mPLUSPlaces Download today!  https://t.co/Gm3pxJdZl2",FALSE,0,NA,2017-06-22 15:43:54,FALSE,NA,"877915055643283456",NA,"<a href=""http://www.apple.com"" rel=""nofollow"">iOS</a>","luckytrition",0,FALSE,FALSE,NA,NA
"192","RT @RowdyBowden: Fifth Third Bank? I don't think you understand how to number things, which is something I generally look for in a bank.",FALSE,0,NA,2017-06-22 15:29:22,FALSE,NA,"877911398961041408",NA,"<a href=""http://twitter.com"" rel=""nofollow"">Twitter Web Client</a>","tripleacontent",991,TRUE,FALSE,NA,NA
"193","I just checked in at Fifth Third Bank with #mPLUSPlaces Download today!  https://t.co/KXKB8m8Boe",FALSE,0,NA,2017-06-22 14:54:24,FALSE,NA,"877902599097204738",NA,"<a href=""http://www.apple.com"" rel=""nofollow"">iOS</a>","sweetpea32873",0,FALSE,FALSE,NA,NA
"194","I just checked in at Fifth Third Bank with #mPLUSPlaces Download today!  https://t.co/KMRUUojvBi",FALSE,0,NA,2017-06-22 14:52:41,FALSE,NA,"877902163544068096",NA,"<a href=""http://www.apple.com"" rel=""nofollow"">iOS</a>","RebaCarolyn",0,FALSE,FALSE,NA,NA
"195","I just checked in at Fifth Third Bank with #mPLUSPlaces Download today!  https://t.co/FqIP3A2N9v",FALSE,0,NA,2017-06-22 14:40:55,FALSE,NA,"877899205846630404",NA,"<a href=""http://www.apple.com"" rel=""nofollow"">iOS</a>","PeaceLoveKristi",0,FALSE,FALSE,NA,NA
"196","I just checked in at Fifth Third Bank with #mPLUSPlaces Download today!  https://t.co/V2FFohybjI",FALSE,0,NA,2017-06-22 14:38:39,FALSE,NA,"877898634464854016",NA,"<a href=""http://www.apple.com"" rel=""nofollow"">iOS</a>","LifeThrills",0,FALSE,FALSE,NA,NA
"197","From 11am-2pm @SausageTruck is @ Fifth Third Bank @ 5 Points / 1669 Fishinger Rd, 43221 https://t.co/7LnsaJ3iSL",FALSE,0,NA,2017-06-22 14:31:21,FALSE,NA,"877896795522596865",NA,"<a href=""http://streetfoodfinder.com"" rel=""nofollow"">StreetFoodFinder.com</a>","CbusStreetFood",0,FALSE,FALSE,NA,NA
"198","From 11am-2pm @SausageTruck is @ Fifth Third Bank @ 5 Points / 1669 Fishinger Rd, 43221 https://t.co/I1axMf7Kzk",FALSE,0,NA,2017-06-22 14:31:20,FALSE,NA,"877896794059010048",NA,"<a href=""http://streetfoodfinder.com"" rel=""nofollow"">StreetFoodFinder.com</a>","SFFcbus",0,FALSE,FALSE,NA,NA
"199","RT @SchmidtsCbus: <ed><U+00A0><U+00BC><ed><U+00BC><U+00AD>to mustard or not to mustard, that is the question! #sausagetruck lunch:
•11-2: Fifth Third Bank @ 5 Points
•11-1: 2323…",FALSE,0,NA,2017-06-22 14:06:26,FALSE,NA,"877890525092659200",NA,"<a href=""http://twitter.com"" rel=""nofollow"">Twitter Web Client</a>","420admin",1,TRUE,FALSE,NA,NA
"200","<ed><U+00A0><U+00BC><ed><U+00BC><U+00AD>to mustard or not to mustard, that is the question! #sausagetruck lunch:
•11-2: Fifth Third Bank @ 5 Points
•11-1:… https://t.co/Dmj96w8con",FALSE,2,NA,2017-06-22 13:48:38,TRUE,NA,"877886047065001989",NA,"<a href=""http://twitter.com/download/iphone"" rel=""nofollow"">Twitter for iPhone</a>","SchmidtsCbus",1,FALSE,FALSE,NA,NA
"201","RT @FMS_Inc: Fifth Third CEO Says Pace of Bank Industry Change Is Fastest He’s Ever Seen https://t.co/RzvK9Jai9Y via @BankDirector #banking",FALSE,0,NA,2017-06-22 13:00:25,FALSE,NA,"877873913534926848",NA,"<a href=""http://twitter.com/download/iphone"" rel=""nofollow"">Twitter for iPhone</a>","Chad_J_Davis",1,TRUE,FALSE,NA,NA
"202","I just checked in at Fifth Third Bank with #mPLUSPlaces Download today!  https://t.co/EUfbD3bHWx",FALSE,0,NA,2017-06-22 12:13:35,FALSE,NA,"877862127721218052",NA,"<a href=""http://www.apple.com"" rel=""nofollow"">iOS</a>","Jrumpler",0,FALSE,FALSE,NA,NA
"203","Fifth Third Bank? I don’t think you understand how to number things, which is something I generally look for in a bank.",FALSE,0,NA,2017-06-22 11:11:14,FALSE,NA,"877846434061709312",NA,"<a href=""https://www.socialjukebox.com"" rel=""nofollow"">The Social Jukebox</a>","kylepsanders",0,FALSE,FALSE,NA,NA
"204","https://t.co/paCgZ4gmfr Financial Center Manager I (SALES) New Haven: Fifth Third Bank is one… https://t.co/ID9tlf9Ant",FALSE,0,NA,2017-06-22 07:26:55,FALSE,NA,"877789983616008196",NA,"<a href=""http://www.google.com/"" rel=""nofollow"">Google</a>","CLM_net",0,FALSE,FALSE,NA,NA
"205","https://t.co/paCgZ3YLnT Mortgage Foreclosure Analyst II.: Fifth Third Bank is one of the top… https://t.co/2DaV4VbGWJ",FALSE,0,NA,2017-06-22 07:26:54,FALSE,NA,"877789978369159168",NA,"<a href=""http://www.google.com/"" rel=""nofollow"">Google</a>","CLM_net",0,FALSE,FALSE,NA,NA
"206","https://t.co/paCgZ4gmfr Retail Personal Banker Associate II: Fifth Third Bank is one of the… https://t.co/gyhxT499tb",FALSE,0,NA,2017-06-22 07:26:53,FALSE,NA,"877789977467207680",NA,"<a href=""http://www.google.com/"" rel=""nofollow"">Google</a>","CLM_net",0,FALSE,FALSE,NA,NA
"207","https://t.co/paCgZ4gmfr Retail Personal Banker I - Merrillville: Fifth Third Bank is one of… https://t.co/VrZTNfA9b1",FALSE,0,NA,2017-06-22 07:26:53,FALSE,NA,"877789976435367936",NA,"<a href=""http://www.google.com/"" rel=""nofollow"">Google</a>","CLM_net",0,FALSE,FALSE,NA,NA
"208","@The_Ford_Shill I believe Fastenal and Fifth Third Bank are for sure",FALSE,1,"The_Ford_Shill",2017-06-22 03:21:07,FALSE,"877727907870777345","877728126427480064","2481997562","<a href=""http://twitter.com/download/android"" rel=""nofollow"">Twitter for Android</a>","ncraiderfan17",0,FALSE,FALSE,NA,NA
"209","I just checked in at Fifth Third Bank with #mPLUSPlaces Download today!  https://t.co/9TMXQTwNt9",FALSE,0,NA,2017-06-22 00:03:14,FALSE,NA,"877678327565344768",NA,"<a href=""http://www.apple.com"" rel=""nofollow"">iOS</a>","moondors",0,FALSE,FALSE,NA,NA
"210","Fifth Third CEO Says Pace of Bank Industry Change Is Fastest He’s Ever Seen https://t.co/RzvK9Jai9Y via @BankDirector #banking",FALSE,1,NA,2017-06-21 22:49:02,FALSE,NA,"877659655756890113",NA,"<a href=""http://sproutsocial.com"" rel=""nofollow"">Sprout Social</a>","FMS_Inc",1,FALSE,FALSE,NA,NA
"211","Good afternoon, 
Fifth third bank is coming to the New Covenant Bibleway Church tonight to offer strategic... https://t.co/TGv1gi7ZsD",FALSE,0,NA,2017-06-21 21:20:14,FALSE,NA,"877637306059902978",NA,"<a href=""http://www.facebook.com/twitter"" rel=""nofollow"">Facebook</a>","UrVoiceNDemand",0,FALSE,FALSE,NA,NA
"212","Tonight at New Covenant Bibleway Church, representatives from Fifth Third Bank will be on hand to offer strategic... https://t.co/QP1JcKOT2c",FALSE,0,NA,2017-06-21 21:14:51,FALSE,NA,"877635952008736768",NA,"<a href=""http://www.facebook.com/twitter"" rel=""nofollow"">Facebook</a>","DeVondia",0,FALSE,FALSE,NA,NA
"213","Fifth Third Bank launches 'Zelle' payment service on its mobile apps #MobileApps https://t.co/V5TLnayELN https://t.co/UDYxuoNh0H",FALSE,0,NA,2017-06-21 21:00:10,FALSE,NA,"877632258345234432",NA,"<a href=""http://www.socialcloudsuite.com"" rel=""nofollow"">SocialCloudSuite</a>","BizAPPBiz",0,FALSE,FALSE,NA,NA
"214","I'm at Fifth Third Bank &amp; ATM in Chicago, IL https://t.co/jP5TECaABh",FALSE,0,NA,2017-06-21 20:11:34,FALSE,NA,"877620026135662593",NA,"<a href=""http://foursquare.com"" rel=""nofollow"">Foursquare</a>","VegaBajeno",0,FALSE,FALSE,"-87.71665311","41.934459"
"215","I just checked in at Fifth Third Bank with #mPLUSPlaces Download today!  https://t.co/lfFFEk8RZY",FALSE,1,NA,2017-06-21 19:45:45,FALSE,NA,"877613530106679296",NA,"<a href=""http://www.apple.com"" rel=""nofollow"">iOS</a>","ravenrogue84",0,FALSE,FALSE,NA,NA
"216","RT @AndrewHayesPR: @FifthThird strengthens its #Chicago commercial team with new leadership https://t.co/keonFtnCry",FALSE,0,NA,2017-06-21 18:32:49,FALSE,NA,"877595174930698242",NA,"<a href=""http://twitter.com/download/android"" rel=""nofollow"">Twitter for Android</a>","trhannahs",1,TRUE,FALSE,NA,NA
"217","@FifthThird strengthens its #Chicago commercial team with new leadership https://t.co/keonFtnCry",FALSE,4,"FifthThird",2017-06-21 18:26:21,FALSE,NA,"877593549121998852","231213589","<a href=""http://twitter.com"" rel=""nofollow"">Twitter Web Client</a>","AndrewHayesPR",1,FALSE,FALSE,NA,NA
"218","WEBINAR: @Spigit, FIFTH THIRD BANK &amp; KIMBERLY CLARK discuss findings of the 2017 Business #Innovation Report- 28 Ju… https://t.co/eB2SMcSUGh",FALSE,0,NA,2017-06-21 18:17:32,TRUE,NA,"877591328057475072",NA,"<a href=""http://dynamicsignal.com/"" rel=""nofollow"">VoiceStorm</a>","Nikkifreid",0,FALSE,FALSE,NA,NA
"219","I just checked in at Fifth Third Bank with #mPLUSPlaces Download today!  https://t.co/EUfbD3tiO5",FALSE,0,NA,2017-06-21 17:07:06,FALSE,NA,"877573605290254336",NA,"<a href=""http://www.apple.com"" rel=""nofollow"">iOS</a>","Jrumpler",0,FALSE,FALSE,NA,NA
"220","I just checked in at Fifth Third Bank with #mPLUSPlaces Download today!  https://t.co/Gm3pxJvAJC",FALSE,0,NA,2017-06-21 15:35:58,FALSE,NA,"877550669837869057",NA,"<a href=""http://www.apple.com"" rel=""nofollow"">iOS</a>","luckytrition",0,FALSE,FALSE,NA,NA
"221","""#Fintech is transforming the industry and creating entirely new business models,"" says @FifthThird CEO. https://t.co/s77KsH3BQ2",FALSE,0,NA,2017-06-21 15:31:20,FALSE,NA,"877549504949624832",NA,"<a href=""http://www.hootsuite.com"" rel=""nofollow"">Hootsuite</a>","aftanalytics",0,FALSE,FALSE,NA,NA
"222","I just checked in at Fifth Third Bank with #mPLUSPlaces Download today!  https://t.co/NmHzMC1CmO",FALSE,0,NA,2017-06-21 14:50:05,FALSE,NA,"877539124474937345",NA,"<a href=""http://www.apple.com"" rel=""nofollow"">iOS</a>","larrymccullin",0,FALSE,FALSE,NA,NA
"223","I could have $50,000 in my bank account and Fifth Third will still be like ""you have a low balance of $50,000"" like ok bitch and?",FALSE,0,NA,2017-06-21 14:43:41,FALSE,NA,"877537511807037442",NA,"<a href=""http://twitter.com/download/iphone"" rel=""nofollow"">Twitter for iPhone</a>","theKIANADAWSON",0,FALSE,FALSE,NA,NA
"224","I just checked in at Fifth Third Bank with #mPLUSPlaces Download today!  https://t.co/1y6xY9xJAo",FALSE,0,NA,2017-06-21 14:37:23,FALSE,NA,"877535926750253060",NA,"<a href=""http://www.apple.com"" rel=""nofollow"">iOS</a>","Ssmileys",0,FALSE,FALSE,NA,NA
"225","@FifthThird FIFTH THIRD BANK, YOU'RE DOING SO AMAZING SWEETIE",FALSE,38,"FifthThird",2017-06-21 14:10:10,FALSE,"870618532962238465","877529076403236868","231213589","<a href=""http://twitter.com/download/iphone"" rel=""nofollow"">Twitter for iPhone</a>","ravendayyy",0,FALSE,FALSE,NA,NA
"226","I just checked in at Fifth Third Bank with #mPLUSPlaces Download today!  https://t.co/wneSPqKRKg",FALSE,0,NA,2017-06-21 14:05:37,FALSE,NA,"877527932415160320",NA,"<a href=""http://www.apple.com"" rel=""nofollow"">iOS</a>","BobReczek",0,FALSE,FALSE,NA,NA
"227","Welcome to #GrandRapids, @bozscaggsmusic! We hope you have a great sold out show today at @MeijerGardens! https://t.co/Pzvkr9l9Ms",FALSE,1,NA,2017-06-21 13:00:07,FALSE,NA,"877511448431386625",NA,"<a href=""http://sproutsocial.com"" rel=""nofollow"">Sprout Social</a>","ExperienceGR",0,FALSE,FALSE,NA,NA
"228","@lhfang electoral victory second (third, fourth, maybe fifth?) to making bank off of consulting fees and other such skullduggery.",FALSE,0,"c__spam",2017-06-21 09:00:30,FALSE,"877451093814394881","877451145618178048","793092789688946688","<a href=""http://twitter.com"" rel=""nofollow"">Twitter Web Client</a>","c__spam",0,FALSE,FALSE,NA,NA
"229","$85M Settlement With Fifth Third Bank Resolves  Kenney McCafferty Whistleblower Lawsuit | Kenney McCafferty Qui ... https://t.co/ZfVChUObtL",FALSE,0,NA,2017-06-21 07:28:40,FALSE,NA,"877428037851140096",NA,"<a href=""https://mobile.twitter.com"" rel=""nofollow"">Mobile Web (M2)</a>","FalseClaimLaw",0,FALSE,FALSE,NA,NA
"230","@Rlycooldude @FifthThird FYI it's called Fifth Third Bank because it's main branch is located at the corner of 5th… https://t.co/D9Jm3Xjk6H",FALSE,10,"Rlycooldude",2017-06-21 07:24:34,TRUE,"870852515813838848","877427006161530880","767181018025619456","<a href=""http://twitter.com/download/iphone"" rel=""nofollow"">Twitter for iPhone</a>","KarenMarshalCMA",0,FALSE,FALSE,NA,NA
"231","https://t.co/paCgZ3YLnT Investor Specialist II.: Fifth Third Bank is one of the top-performing… https://t.co/V6NfiPuub5",FALSE,0,NA,2017-06-21 05:53:51,FALSE,NA,"877404174551572480",NA,"<a href=""http://www.google.com/"" rel=""nofollow"">Google</a>","CLM_net",0,FALSE,FALSE,NA,NA
"232","https://t.co/paCgZ3YLnT Mortgage System Integration Analyst II.: Fifth Third Bank is one of… https://t.co/6BVmc6Sk1F",FALSE,0,NA,2017-06-21 05:53:49,FALSE,NA,"877404165282164736",NA,"<a href=""http://www.google.com/"" rel=""nofollow"">Google</a>","CLM_net",0,FALSE,FALSE,NA,NA
"233","https://t.co/paCgZ3YLnT Financial Center Manager I: Fifth Third Bank is one of the top… https://t.co/d850Tg1KVs",FALSE,0,NA,2017-06-21 05:53:48,FALSE,NA,"877404164388794368",NA,"<a href=""http://www.google.com/"" rel=""nofollow"">Google</a>","CLM_net",0,FALSE,FALSE,NA,NA
"234","https://t.co/paCgZ3YLnT Retail Personal Banker Associate I: Fifth Third Bank is one of the top… https://t.co/UpsWToTWJB",FALSE,0,NA,2017-06-21 05:53:47,FALSE,NA,"877404157690380288",NA,"<a href=""http://www.google.com/"" rel=""nofollow"">Google</a>","CLM_net",0,FALSE,FALSE,NA,NA
"235","https://t.co/paCgZ3YLnT Retail Personal Banker Associate II: Fifth Third Bank is one of the… https://t.co/wfJGcuYbHf",FALSE,0,NA,2017-06-21 05:53:46,FALSE,NA,"877404156654432257",NA,"<a href=""http://www.google.com/"" rel=""nofollow"">Google</a>","CLM_net",0,FALSE,FALSE,NA,NA
"236","https://t.co/paCgZ3YLnT Retail Personal Banker I - Sales - Dayton area: Fifth Third Bank is… https://t.co/V2FED2bTxf",FALSE,0,NA,2017-06-21 05:53:46,FALSE,NA,"877404155744333824",NA,"<a href=""http://www.google.com/"" rel=""nofollow"">Google</a>","CLM_net",0,FALSE,FALSE,NA,NA
"237","https://t.co/paCgZ3YLnT Retail Personal Banker Associate II: Fifth Third Bank is one of the… https://t.co/bN5tKRJ4pL",FALSE,0,NA,2017-06-21 05:48:46,FALSE,NA,"877402897104990209",NA,"<a href=""http://www.google.com/"" rel=""nofollow"">Google</a>","CLM_net",0,FALSE,FALSE,NA,NA
"238","https://t.co/paCgZ3YLnT Recovery Collector I: Fifth Third Bank is one of the top-performing… https://t.co/zSaNDQxjOn",FALSE,0,NA,2017-06-21 05:48:45,FALSE,NA,"877402891174252544",NA,"<a href=""http://www.google.com/"" rel=""nofollow"">Google</a>","CLM_net",0,FALSE,FALSE,NA,NA
"239","https://t.co/paCgZ3YLnT Financial Center Manager I: Fifth Third Bank is one of the top… https://t.co/oHYD9XaTcJ",FALSE,0,NA,2017-06-21 05:48:45,FALSE,NA,"877402890306019328",NA,"<a href=""http://www.google.com/"" rel=""nofollow"">Google</a>","CLM_net",0,FALSE,FALSE,NA,NA
"240","https://t.co/paCgZ3YLnT Mortgage System Integration Analyst II.: Fifth Third Bank is one of… https://t.co/UvS155HeRL",FALSE,0,NA,2017-06-21 05:48:42,FALSE,NA,"877402877790179332",NA,"<a href=""http://www.google.com/"" rel=""nofollow"">Google</a>","CLM_net",0,FALSE,FALSE,NA,NA
"241","https://t.co/paCgZ3YLnT Investor Specialist II.: Fifth Third Bank is one of the top-performing… https://t.co/4gBRwdO8xs",FALSE,0,NA,2017-06-21 05:48:41,FALSE,NA,"877402876880068608",NA,"<a href=""http://www.google.com/"" rel=""nofollow"">Google</a>","CLM_net",0,FALSE,FALSE,NA,NA
"242","https://t.co/paCgZ3YLnT Retail Personal Banker Associate I: Fifth Third Bank is one of the top… https://t.co/0UaQMUHRKX",FALSE,0,NA,2017-06-21 05:48:41,FALSE,NA,"877402875219128320",NA,"<a href=""http://www.google.com/"" rel=""nofollow"">Google</a>","CLM_net",0,FALSE,FALSE,NA,NA
"243","https://t.co/paCgZ3YLnT Lead ETL Developer: Fifth Third Bank is one of the top-performing… https://t.co/vQeiUOa6ql",FALSE,0,NA,2017-06-21 05:48:39,FALSE,NA,"877402865555386369",NA,"<a href=""http://www.google.com/"" rel=""nofollow"">Google</a>","CLM_net",0,FALSE,FALSE,NA,NA
"244","https://t.co/paCgZ3YLnT Mortgage System Integration Analyst II.: Fifth Third Bank is one of… https://t.co/s3rA8E8ish",FALSE,0,NA,2017-06-21 05:38:43,FALSE,NA,"877400366635245568",NA,"<a href=""http://www.google.com/"" rel=""nofollow"">Google</a>","CLM_net",0,FALSE,FALSE,NA,NA
"245","https://t.co/paCgZ3YLnT Investor Specialist II.: Fifth Third Bank is one of the top-performing… https://t.co/OdPFFaVxPV",FALSE,0,NA,2017-06-21 05:38:43,FALSE,NA,"877400365678854149",NA,"<a href=""http://www.google.com/"" rel=""nofollow"">Google</a>","CLM_net",0,FALSE,FALSE,NA,NA
"246","https://t.co/paCgZ3YLnT Financial Center Manager I: Fifth Third Bank is one of the top… https://t.co/rhZy3Zxzxr",FALSE,0,NA,2017-06-21 05:38:42,FALSE,NA,"877400364655529984",NA,"<a href=""http://www.google.com/"" rel=""nofollow"">Google</a>","CLM_net",0,FALSE,FALSE,NA,NA
"247","https://t.co/paCgZ3YLnT Lead ETL Developer: Fifth Third Bank is one of the top-performing… https://t.co/7ld6UJDaYO",FALSE,0,NA,2017-06-21 05:38:42,FALSE,NA,"877400363749560320",NA,"<a href=""http://www.google.com/"" rel=""nofollow"">Google</a>","CLM_net",0,FALSE,FALSE,NA,NA
"248","https://t.co/paCgZ3YLnT Program Manager, IT: Fifth Third Bank is one of the top-performing… https://t.co/SvZjutUwBE",FALSE,0,NA,2017-06-21 05:38:42,FALSE,NA,"877400362835161088",NA,"<a href=""http://www.google.com/"" rel=""nofollow"">Google</a>","CLM_net",0,FALSE,FALSE,NA,NA
"249","https://t.co/paCgZ3YLnT Subpoena Specialist: Fifth Third Bank is one of the top-performing… https://t.co/vETQjfs0YN",FALSE,0,NA,2017-06-21 05:38:42,FALSE,NA,"877400361979584512",NA,"<a href=""http://www.google.com/"" rel=""nofollow"">Google</a>","CLM_net",0,FALSE,FALSE,NA,NA
"250","$85M Settlement With Fifth Third Bank Resolves  Kenney McCafferty Whistleblower Lawsuit | Kenney McCafferty Qui ... https://t.co/ZfVChUObtL",FALSE,0,NA,2017-06-21 05:33:40,FALSE,NA,"877399098227277825",NA,"<a href=""https://mobile.twitter.com"" rel=""nofollow"">Mobile Web (M2)</a>","FalseClaimLaw",0,FALSE,FALSE,NA,NA
"251","Fifth Third Bank launches ‘Zelle’ payment service on its mobile apps https://t.co/qQCDPnMDzf https://t.co/KQGPKHcSBv",FALSE,0,NA,2017-06-21 04:13:58,FALSE,NA,"877379040797216769",NA,"<a href=""http://publicize.wp.com/"" rel=""nofollow"">WordPress.com</a>","Detroitinformer",0,FALSE,FALSE,NA,NA
"252","Fifth Third Bank launches 'Zelle' payment service on its mobile apps – https://t.co/gI2WIBil2a… https://t.co/az3tKl186l",FALSE,0,NA,2017-06-21 02:39:50,TRUE,NA,"877355349287866369",NA,"<a href=""http://publicize.wp.com/"" rel=""nofollow"">WordPress.com</a>","mvnoblog",0,FALSE,FALSE,NA,NA
"253","@kfgwinning @livcoiro Do you bank at US Bank, Fifth Third, Key or Associated? https://t.co/drRsPTXtp9",FALSE,2,"kfgwinning",2017-06-21 02:37:08,FALSE,"877353706261553153","877354669047259136","364616963","<a href=""https://about.twitter.com/products/tweetdeck"" rel=""nofollow"">TweetDeck</a>","DonStonerJr",0,FALSE,FALSE,NA,NA
"254","I've been with fifth third bank for a year and I hate them <ed><U+00A0><U+00BD><ed><U+00B8><U+0092> I heard chase was pretty good <ed><U+00A0><U+00BD><ed><U+00B8><U+0098>",FALSE,0,NA,2017-06-21 01:12:09,FALSE,NA,"877333282941272064",NA,"<a href=""https://mobile.twitter.com"" rel=""nofollow"">Twitter Lite</a>","reese7green",0,FALSE,FALSE,NA,NA
"255","Mortgage Loan Originator-Low Pen Market - Fifth Third Bank - Kennesaw, GA… https://t.co/Bac24J54Z1 #atlanta #jobs",FALSE,0,NA,2017-06-21 00:02:50,FALSE,NA,"877315839246163968",NA,"<a href=""http://www.google.com/"" rel=""nofollow"">Google</a>","My_ATL_Job",0,FALSE,FALSE,NA,NA
"256","CSR / Teller - Bashford Manor BC - Part Time - Fifth Third Bank - Louisville, KY https://t.co/TiSwtnzRIm Job Louisville",FALSE,0,NA,2017-06-20 23:59:34,FALSE,NA,"877315016067735552",NA,"<a href=""https://dlvrit.com/"" rel=""nofollow"">dlvr.it</a>","JobsLouisville1",0,FALSE,FALSE,NA,NA
"257","@GQMagazine My bank (Fifth Third) changed their logo to a LGBT flag for June and you would have thought they ran ov… https://t.co/fytRDYpvlI",FALSE,0,"GQMagazine",2017-06-20 23:33:07,TRUE,"877305089433772032","877308362714738688","21701757","<a href=""http://twitter.com/download/iphone"" rel=""nofollow"">Twitter for iPhone</a>","CraigMergenthal",0,FALSE,FALSE,NA,NA
"258","OP-ED: Too many reasons to not like Fifth Third Bank’s prospects https://t.co/ybwizOxtWF",FALSE,0,NA,2017-06-20 22:27:07,FALSE,NA,"877291753442639872",NA,"<a href=""https://dlvrit.com/"" rel=""nofollow"">dlvr.it</a>","OREmergencyPrep",0,FALSE,FALSE,NA,NA
"259","@justinbbradford Fifth Third Bank. Because that's where the sponsorship money is. <ed><U+00A0><U+00BC><ed><U+00BD><U+0085><ed><U+00A0><U+00BC><ed><U+00BD><U+0085><ed><U+00A0><U+00BC><ed><U+00BD><U+0085>",FALSE,1,"justinbbradford",2017-06-20 20:07:51,FALSE,"877238573581430784","877256703833767937","33750890","<a href=""http://twitter.com/download/iphone"" rel=""nofollow"">Twitter for iPhone</a>","adsroundtable",0,FALSE,FALSE,NA,NA
"260","On the Move: 20 June 2017 — Fifth Third Bank, Ingram Content Group, The Lipman Group announce updates https://t.co/4qS9dpCqIu",FALSE,0,NA,2017-06-20 18:56:01,FALSE,NA,"877238626450640896",NA,"<a href=""https://about.twitter.com/products/tweetdeck"" rel=""nofollow"">TweetDeck</a>","NashvillePost",0,FALSE,FALSE,NA,NA
"261","I just checked in at Fifth Third Bank with #mPLUSPlaces Download today!  https://t.co/eW6zdBpbqA",FALSE,0,NA,2017-06-20 17:33:40,FALSE,NA,"877217903027912704",NA,"<a href=""http://www.apple.com"" rel=""nofollow"">iOS</a>","jazz_S",0,FALSE,FALSE,NA,NA
"262","#RT #like4folow Fifth Third Bank launches 'Zelle' payment service on its mobile apps - https://t.co/TvAAyPsBGq https://t.co/R6ArC6yMKH",FALSE,0,NA,2017-06-20 17:32:26,FALSE,NA,"877217593068847105",NA,"<a href=""http://www.hootsuite.com"" rel=""nofollow"">Hootsuite</a>","Brockappsinfo",0,FALSE,FALSE,NA,NA
"263","Fifth Third Bank launches 'Zelle' payment service on its mobile apps https://t.co/Rf5m2L7pyT",FALSE,0,NA,2017-06-20 17:28:31,FALSE,NA,"877216605574492160",NA,"<a href=""https://ifttt.com"" rel=""nofollow"">IFTTT</a>","bynry",0,FALSE,FALSE,NA,NA
"264","Fifth Third Bank launches 'Zelle' payment service on its mobile apps https://t.co/88d0qOxs0C",FALSE,0,NA,2017-06-20 17:20:28,FALSE,NA,"877214578895179776",NA,"<a href=""https://ifttt.com"" rel=""nofollow"">IFTTT</a>","uohanalilly",0,FALSE,FALSE,NA,NA
"265","Fifth Third Bank launches 'Zelle' payment service on its mobile apps https://t.co/S7u7eqKkhH",FALSE,0,NA,2017-06-20 17:15:37,FALSE,NA,"877213357891346432",NA,"<a href=""http://www.hootsuite.com"" rel=""nofollow"">Hootsuite</a>","NewsofApps",0,FALSE,FALSE,NA,NA
"266","RT @GeoBellas: Tired of telephone harassment? An Illinois man files a lawsuit against Fifth Third Bank.

#lawsuit #TCPA https://t.co/sdLrS3…",FALSE,0,NA,2017-06-20 16:52:53,FALSE,NA,"877207637754032129",NA,"<a href=""http://twitter.com"" rel=""nofollow"">Twitter Web Client</a>","peter49090711",1,TRUE,FALSE,NA,NA
"267","Google News - Mobile Payments: ""Fifth Third Bank launches 'Zelle' payment service on its mobile apps"" https://t.co/aB3tEY8y7Y",FALSE,0,NA,2017-06-20 16:46:13,FALSE,NA,"877205960946843648",NA,"<a href=""https://ifttt.com"" rel=""nofollow"">IFTTT</a>","cardlessnews",0,FALSE,FALSE,NA,NA
"268","Fifth Third Bank launches 'Zelle' payment service on its mobile apps https://t.co/LLaX8vePbO",FALSE,0,NA,2017-06-20 15:59:33,FALSE,NA,"877194216455245824",NA,"<a href=""http://www.socialflow.com"" rel=""nofollow"">SocialFlow</a>","GRPress",0,FALSE,FALSE,NA,NA
"269","Fifth Third Bank launches 'Zelle' payment service on its mobile apps https://t.co/4bnogXzV5Q #detroit",FALSE,0,NA,2017-06-20 15:56:11,FALSE,NA,"877193371676155904",NA,"<a href=""https://dlvrit.com/"" rel=""nofollow"">dlvr.it</a>","DETSmallBiz",0,FALSE,FALSE,NA,NA
"270","@FifthThird I don't know which is more stupid a name like fifth third bank or that you support this",FALSE,4,"FifthThird",2017-06-20 15:05:31,FALSE,"870618532962238465","877180618823651328","231213589","<a href=""http://twitter.com/download/iphone"" rel=""nofollow"">Twitter for iPhone</a>","TommmyJefferson",0,FALSE,FALSE,NA,NA
"271","RT @joanthought: Fifth Third CEO Says Pace of Bank Industry Change Is Fastest He’s Ever Seen via @BankDirector https://t.co/fN5re50oyp",FALSE,0,NA,2017-06-20 14:18:55,FALSE,NA,"877168890916294656",NA,"<a href=""http://twitter.com/download/iphone"" rel=""nofollow"">Twitter for iPhone</a>","groovydelmar",1,TRUE,FALSE,NA,NA
"272","I just checked in at Fifth Third Bank with #mPLUSPlaces Download today!  https://t.co/pAKuxDqBEn",FALSE,0,NA,2017-06-20 13:23:06,FALSE,NA,"877154846897573889",NA,"<a href=""http://www.apple.com"" rel=""nofollow"">iOS</a>","AlabamaGirl2014",0,FALSE,FALSE,NA,NA
"273","Fifth Third CEO Says Pace of Bank Industry Change Is Fastest He’s Ever Seen via @BankDirector https://t.co/fN5re50oyp",FALSE,2,NA,2017-06-20 13:13:51,FALSE,NA,"877152517863419904",NA,"<a href=""http://twitter.com"" rel=""nofollow"">Twitter Web Client</a>","joanthought",1,FALSE,FALSE,NA,NA
"274","I just checked in at Fifth Third Bank with #mPLUSPlaces Download today!  https://t.co/NmHzMC1CmO",FALSE,0,NA,2017-06-20 12:09:33,FALSE,NA,"877136334082768896",NA,"<a href=""http://www.apple.com"" rel=""nofollow"">iOS</a>","larrymccullin",0,FALSE,FALSE,NA,NA
"275","I just checked in at Fifth Third Bank with #mPLUSPlaces Download today!  https://t.co/HjnCTcpxFp",FALSE,0,NA,2017-06-20 11:43:27,FALSE,NA,"877129767065190400",NA,"<a href=""http://www.apple.com"" rel=""nofollow"">iOS</a>","missteeinc",0,FALSE,FALSE,NA,NA
"276","Exciting day at MIS with Fifth Third Bank #17, Ricky Stenhouse Jr. @StenhouseJr @roushfenway https://t.co/K24QIcjrd5",FALSE,0,NA,2017-06-20 11:01:45,FALSE,NA,"877119271922532352",NA,"<a href=""http://twitter.com"" rel=""nofollow"">Twitter Web Client</a>","JR2Photography",0,FALSE,FALSE,NA,NA
"277","I just checked in at Fifth Third Bank with #mPLUSPlaces Download today!  https://t.co/j8OaFp81i1",FALSE,0,NA,2017-06-20 09:38:06,FALSE,NA,"877098223004987393",NA,"<a href=""http://www.apple.com"" rel=""nofollow"">iOS</a>","lilbabyk360",0,FALSE,FALSE,NA,NA
"278","https://t.co/paCgZ3YLnT Mortgage Direct Sales Assistant - Cincinnati, OH: Fifth Third Bank is… https://t.co/gIOwWLsYpj",FALSE,0,NA,2017-06-20 06:38:58,FALSE,NA,"877053142541774849",NA,"<a href=""http://www.google.com/"" rel=""nofollow"">Google</a>","CLM_net",0,FALSE,FALSE,NA,NA
"279","https://t.co/paCgZ3YLnT Licensed Personal Banker (6 &amp; 63): Fifth Third Bank is one of the top… https://t.co/EU2tvzLLr6",FALSE,0,NA,2017-06-20 06:38:58,FALSE,NA,"877053141816094720",NA,"<a href=""http://www.google.com/"" rel=""nofollow"">Google</a>","CLM_net",0,FALSE,FALSE,NA,NA
"280","https://t.co/paCgZ3YLnT Assistant Center Manager(i).: Fifth Third Bank is one of the top… https://t.co/z9sLJIGDkS",FALSE,0,NA,2017-06-20 06:38:58,FALSE,NA,"877053140461387777",NA,"<a href=""http://www.google.com/"" rel=""nofollow"">Google</a>","CLM_net",0,FALSE,FALSE,NA,NA
"281","https://t.co/paCgZ3YLnT HR Specialist: Fifth Third Bank is one of the top-performing banks in… https://t.co/Yi39MR4MBH",FALSE,0,NA,2017-06-20 06:38:58,FALSE,NA,"877053139723198464",NA,"<a href=""http://www.google.com/"" rel=""nofollow"">Google</a>","CLM_net",0,FALSE,FALSE,NA,NA
"282","https://t.co/paCgZ3YLnT Retail Personal Banker Associate II: Fifth Third Bank is one of the… https://t.co/ZXmPNA3Uc9",FALSE,0,NA,2017-06-20 06:38:57,FALSE,NA,"877053138796236800",NA,"<a href=""http://www.google.com/"" rel=""nofollow"">Google</a>","CLM_net",0,FALSE,FALSE,NA,NA
"283","https://t.co/paCgZ3YLnT Bankcard Servicing Support.: Fifth Third Bank is one of the top… https://t.co/PBrpnZPe5o",FALSE,0,NA,2017-06-20 06:38:57,FALSE,NA,"877053136980062209",NA,"<a href=""http://www.google.com/"" rel=""nofollow"">Google</a>","CLM_net",0,FALSE,FALSE,NA,NA
"284","https://t.co/paCgZ3YLnT Financial Center Manager II- Traders Point: Fifth Third Bank is one of… https://t.co/StpnFefrIn",FALSE,0,NA,2017-06-20 06:38:57,FALSE,NA,"877053136174764032",NA,"<a href=""http://www.google.com/"" rel=""nofollow"">Google</a>","CLM_net",0,FALSE,FALSE,NA,NA
"285","https://t.co/paCgZ3YLnT Licensed Personal Banker (6 &amp; 63): Fifth Third Bank is one of the top… https://t.co/OyMVTCOBNt",FALSE,0,NA,2017-06-20 05:36:11,FALSE,NA,"877037342250475520",NA,"<a href=""http://www.google.com/"" rel=""nofollow"">Google</a>","CLM_net",0,FALSE,FALSE,NA,NA
"286","https://t.co/paCgZ3YLnT Mortgage Direct Sales Assistant - Cincinnati, OH: Fifth Third Bank is… https://t.co/6kqJi6ByOR",FALSE,0,NA,2017-06-20 05:36:11,FALSE,NA,"877037341273202690",NA,"<a href=""http://www.google.com/"" rel=""nofollow"">Google</a>","CLM_net",0,FALSE,FALSE,NA,NA
"287","https://t.co/paCgZ3YLnT Retail Personal Banker Associate II: Fifth Third Bank is one of the… https://t.co/J8HMp7y8PZ",FALSE,0,NA,2017-06-20 05:36:11,FALSE,NA,"877037340392382464",NA,"<a href=""http://www.google.com/"" rel=""nofollow"">Google</a>","CLM_net",0,FALSE,FALSE,NA,NA
"288","https://t.co/paCgZ3YLnT Financial Center Manager II- Traders Point: Fifth Third Bank is one of… https://t.co/pPzYmWPFBR",FALSE,0,NA,2017-06-20 05:36:11,FALSE,NA,"877037339687747585",NA,"<a href=""http://www.google.com/"" rel=""nofollow"">Google</a>","CLM_net",0,FALSE,FALSE,NA,NA
"289","https://t.co/paCgZ3YLnT Retail Personal Banker Associate I - Sylvania: Fifth Third Bank is one… https://t.co/vY4OCVuGzs",FALSE,0,NA,2017-06-20 05:36:10,FALSE,NA,"877037338542690304",NA,"<a href=""http://www.google.com/"" rel=""nofollow"">Google</a>","CLM_net",0,FALSE,FALSE,NA,NA
"290","https://t.co/paCgZ3YLnT Retail Personal Banker Associate I: Fifth Third Bank is one of the top… https://t.co/1hxlEHYU6w",FALSE,0,NA,2017-06-20 05:36:10,FALSE,NA,"877037336864935936",NA,"<a href=""http://www.google.com/"" rel=""nofollow"">Google</a>","CLM_net",0,FALSE,FALSE,NA,NA
